0,000485684247
0,000356714908
0,000333851202
0,000408097127
0,000401309297
0,000403141979
0,000207564167
0,000157902293
0,000225574434
0,000323400228
0,000174167828
0,000121381568
0,000165246814
0,000164897448
8,74010211e-05
0,000110258851
0,000154826602
8,20272175e-05
0,000127847497
8,07111912e-05
0,000101775129
6,66574469e-05
8,44614213e-05
5,9905215e-05
7,60076128e-05
6,2692153e-05
8,14741961e-05
4,55441951e-05
3,91477906e-05
4,91456349e-05
4,9526521e-05
4,48098196e-05
4,94020997e-05
4,9103271e-05
5,15018325e-05
4,87864768e-05
4,72403023e-05
4,64071444e-05
4,74851288e-05
4,80213906e-05
4,89127708e-05
5,38799751e-05
5,90790933e-05
4,97291496e-05
4,44089422e-05
5,12700227e-05
4,2111959e-05
4,13342534e-05
3,65994066e-05
4,07565526e-05
3,91986442e-05
4,24594547e-05
3,45327632e-05
3,51285306e-05
4,26015786e-05
4,13897971e-05
4,18445493e-05
4,30811905e-05
4,03412189e-05
4,02392429e-05
3,93503069e-05
4,10380084e-05
4,42000443e-05
4,69385098e-05
4,79238227e-05
5,35972955e-05
5,31224549e-05
5,29462343e-05
5,31907479e-05
4,8614041e-05
4,47575143e-05
4,05834821e-05
4,13769078e-05
4,15196789e-05
3,9647319e-05
3,34733505e-05
3,32991902e-05
3,68566617e-05
4,15765327e-05
4,19527691e-05
4,32957719e-05
4,37186051e-05
4,1262288e-05
3,98403644e-05
3,86472174e-05
4,16242376e-05
4,36150934e-05
4,57929134e-05
4,98405753e-05
4,9880261e-05
5,27502411e-05
5,31820487e-05
5,06420285e-05
4,95213667e-05
4,89634331e-05
4,75990999e-05
4,56196789e-05
4,22486781e-05
3,4108786e-05
3,40934168e-05
3,35067417e-05
3,62247978e-05
3,61235639e-05
3,70552696e-05
3,87212932e-05
3,91709679e-05
3,87999079e-05
3,68408648e-05
3,837629e-05
3,83699649e-05
3,83325907e-05
4,09837654e-05
4,54476515e-05
4,72788418e-05
4,92161596e-05
4,46764103e-05
4,23359404e-05
4,58436034e-05
4,64892549e-05
4,65731333e-05
4,34371975e-05
3,45335055e-05
3,18267538e-05
3,07219432e-05
2,98043742e-05
2,80786311e-05
3,0293079e-05
2,79210039e-05
2,87461142e-05
2,56816049e-05
2,70701954e-05
3,0256159e-05
3,09223022e-05
2,98583612e-05
3,08357522e-05
3,65784655e-05
3,77839472e-05
3,89457571e-05
3,65401806e-05
3,69511343e-05
3,95495968e-05
4,03100344e-05
3,99178807e-05
3,99757912e-05
3,52323716e-05
3,21948257e-05
2,98652098e-05
2,81468345e-05
2,75136523e-05
2,71641623e-05
2,53914476e-05
2,53399161e-05
2,04011636e-05
2,11694407e-05
2,18764905e-05
2,15062603e-05
2,05634156e-05
2,48562529e-05
3,10096937e-05
3,62221887e-05
3,56582518e-05
3,14859228e-05
3,41363404e-05
3,5952835e-05
3,91816439e-05
3,82739122e-05
4,03819619e-05
3,82223501e-05
3,266737e-05
2,95884323e-05
2,86975444e-05
3,25863366e-05
3,15596469e-05
2,74293969e-05
2,68593685e-05
2,47424456e-05
2,22723627e-05
2,1141782e-05
1,88210769e-05
1,63272579e-05
1,97174622e-05
2,19326056e-05
2,74376844e-05
3,17019496e-05
3,09907679e-05
3,2869755e-05
3,60893059e-05
3,72030042e-05
3,69743006e-05
4,23255566e-05
4,16161604e-05
3,7875218e-05
3,16010955e-05
3,00529604e-05
3,10101331e-05
3,29564457e-05
3,06441992e-05
3,11255547e-05
3,38650602e-05
2,84748414e-05
2,46568486e-05
1,95541483e-05
1,79351984e-05
2,06228879e-05
1,96874082e-05
2,17430155e-05
2,60356669e-05
2,60083105e-05
2,67085518e-05
3,13271258e-05
3,62148487e-05
3,90287226e-05
4,28366788e-05
4,25135999e-05
4,39640694e-05
3,92476607e-05
3,75525442e-05
3,47402922e-05
3,4104689e-05
3,11558455e-05
3,23498955e-05
3,56920059e-05
3,77755103e-05
3,43496848e-05
2,73989404e-05
2,52178665e-05
2,55601002e-05
2,43569347e-05
2,25046937e-05
2,66650935e-05
2,66218704e-05
2,64809403e-05
2,8143733e-05
3,07383748e-05
3,87590347e-05
4,35666162e-05
4,56834011e-05
4,92008097e-05
4,96717854e-05
4,93561626e-05
4,72974655e-05
4,62855436e-05
4,18238125e-05
4,38291541e-05
4,39812285e-05
4,73857193e-05
4,55497583e-05
4,14549638e-05
4,04586356e-05
4,30506002e-05
4,29171501e-05
3,9923064e-05
4,29618958e-05
4,25592482e-05
4,0916499e-05
4,15149514e-05
4,47134494e-05
5,08904113e-05
5,84590671e-05
5,85069968e-05
6,25605789e-05
7,19095428e-05
7,62139186e-05
7,73586751e-05
7,5047308e-05
7,45446456e-05
7,83046652e-05
7,89265294e-05
8,00873422e-05
8,05050937e-05
7,99176694e-05
7,58643646e-05
7,68458273e-05
7,74873365e-05
8,0857932e-05
8,59751747e-05
8,43003999e-05
8,26787048e-05
8,0871531e-05
8,48219772e-05
8,77581088e-05
9,42595384e-05
9,49675581e-05
9,88633549e-05
0,00010626663
0,000111792869
0,00011609504
0,000119387069
0,000123772915
0,000127963123
0,000129531123
0,000132009669
0,000137088973
0,000136481881
0,000135905023
0,000135835466
0,000135612734
0,00014196511
0,000146732386
0,000148606979
0,000151984117
0,000156219277
0,000160883299
0,000165917028
0,000172362307
0,000175109289
0,000183722548
0,000190437476
0,000199468996
0,000204211551
0,000212291567
0,000219374922
0,000228139101
0,000235642054
0,000243578343
0,000250040034
0,000249268837
0,000250518828
0,000248382156
0,000249109257
0,000245090165
0,000256162669
0,000249129326
0,000255308864
0,00026186947
0,000254563554
0,000251507501
0,000257257801
0,000234271793
0,00026508118
0,00024815164
0,000247196659
0,000263034839
0,000279272895
0,00026101722
0,000256729802
0,000277245372
0,000261184871
0,000255278542
0,000284261332
0,000309576127
0,000302388695
0,000302593688
0,000305554835
0,000298942229
0,000297437461
0,000289812864
0,000283737681
0,000296608125
0,000300426749
0,000329484347
0,000316538726
0,000314836597
0,000354081372
0,000359333668
0,000340162753
0,000357632048
0,000379925294
0,000365842672
0,000318112105
0,00039851905
0,000507350295
0,00046637838
0,000374726926
0,000444305213
0,000457922916
0,0005218286
0,000490809632
0,000435731535
0,000504989645
0,000589369727
0,000464071581
0,000538378162
0,0005666285
0,000580484073
0,000625543774
0,000563039685
0,000710354671
0,000589620329
0,000727066304
0,000804250615
0,000658779673
0,000944801551
0,000734095007
0,00100887522
0,000853420574
0,00100121373
0,000998183924
0,00104774281
0,0010732255
0,00108068418
0,00119996756
0,00115643978
0,00132272892
0,00124903094
0,00153087073
0,0013886814
0,00176409828
0,00155090958
0,00178448102
0,0018400974
0,00179192726
0,00226734316
0,00181276908
0,00246396346
0,00213419088
0,0026352041
0,00257068022
0,00263747268
0,00300113534
0,00310657018
0,00332241779
0,00325480559
0,00364610254
0,00358427624
0,00349939302
0,00399864075
0,00371613486
0,0037958059
0,00442666067
0,00436496716
0,004433336
0,00519464264
0,00545371478
0,00545667268
0,00621741898
0,00618997847
0,00668554056
0,00769027678
0,00769247783
0,00810217372
0,00978023694
0,0100696339
0,0106627601
0,0113272294
0,0126053036
0,013086668
0,0138032483
0,0139166558
0,0154038243
0,0157405562
0,0158749928
0,0158940041
0,016314533
0,0169428989
0,0171836672
0,0185346961
0,0195112931
0,0211763172
0,0217728322
0,0227664656
0,0242784018
0,0256000977
0,0263947001
0,0279214718
0,0296581632
0,0301245686
0,0296380189
0,0281438061
0,0294147791
0,0295187255
0,0283121285
0,0284477564
0,0288659431
0,0289493447
0,0286975973
0,0296226434
0,0307021
0,0286856745
0,0272452184
0,0271869732
0,0275059067
0,0256135515
0,0223296203
0,0210164228
0,0211198204
0,0207384367
0,0201373734
0,0206245983
0,0199468809
0,0179982385
0,0156943224
0,0152690384
0,0142325255
0,012366328
0,0115143941
0,0119534717
0,0132694267
0,0139777161
0,0134353496
0,012428292
0,0123237311
0,0128147346
0,011138447
0,00982376174
0,00945413934
0,00969207505
0,00862982225
0,00831910927
0,00826463879
0,0084579815
0,00825339955
0,00758766454
0,0075527446
0,00713148359
0,00698852727
0,00697892034
0,00699002217
0,00575762739
0,00561612799
0,00579132177
0,00444021399
0,00411282849
0,00441863442
0,00403463733
0,00413910066
0,00432881605
0,0044247973
0,0038552161
0,00362383004
0,00343208188
0,00296719548
0,00301299059
0,00316647099
0,00350310405
0,00375714165
0,00377813135
0,0034464392
0,00279532466
0,00233007916
0,00230805723
0,00223928045
0,0024402309
0,00246354731
0,00253572241
0,00246736034
0,00216630198
0,00220647729
0,00169528751
0,00171432005
0,00158928414
0,00173038942
0,00186730077
0,00181307612
0,00172812267
0,00152535645
0,0012568972
0,00153377645
0,00157005895
0,001350172
0,00137316685
0,00149752124
0,00156965437
0,0014620594
0,00106115734
0,000923564625
0,0010111292
0,00107254821
0,00151684322
0,00100183326
0,00120061571
0,000745673044
0,00115203957
0,00107656959
0,00131132249
0,000860816709
0,000736557687
0,000978146165
0,000916502915
0,00106628589
0,000920330877
0,000936634384
0,000877405326
0,000808581159
0,000874708122
0,000919978887
0,000752860476
0,000954423883
0,0007978722
0,000678990563
0,00092946211
0,000921952312
0,00080496476
0,000585092649
0,000791290288
0,000882969361
0,000848425195
0,000637424576
0,000640078102
0,000868756226
0,000794769615
0,000703608532
0,000658327146
0,000638461062
0,000821034084
0,000678096679
0,000670611594
0,000548842967
0,000816926821
0,000830927243
0,00053187106
0,000538948104
0,000754004374
0,000795430064
0,000498570295
0,000534024407
0,000864607763
0,000663724465
0,000554439849
0,000555397269
0,000840924457
0,00058297733
0,000583278229
0,000886198087
0,000521460229
0,000791079126
0,000685210297
0,000666928699
0,000710601695
0,000730542665
0,000718635146
0,000730323569
0,00059552693
0,000961236995
0,000682223385
0,000609069283
0,000743274753
0,000717415484
0,000707064882
0,000735912639
0,000631161844
0,000701288141
0,00085161707
0,000849230856
0,000474024616
0,000917079815
0,00083799935
0,000762181003
0,000527062802
0,000862024638
0,000877252456
0,000661682749
0,000643573244
0,000706715778
0,00095968553
0,000650768765
0,000765220996
0,00064120211
0,000911820872
0,000818076711
0,000870932821
0,000581746198
0,000960790695
0,00103023323
0,000832753177
0,000731587488
0,00102505462
0,00101410533
0,000926625859
0,000872751826
0,000940280132
0,000980993853
0,00109027019
0,000997023932
0,00106703933
0,00100289837
0,001164318
0,00106334949
0,000975932091
0,00115836664
0,000994699299
0,0011670781
0,00107157357
0,00132942556
0,0010199451
0,00118378943
0,00121553238
0,00128066222
0,001403829
0,00111323821
0,00147884871
0,00140862217
0,00129007198
0,00166222226
0,00148155158
0,00146975374
0,00171203895
0,00138250794
0,00166171876
0,00201387759
0,00154136922
0,00163410502
0,00192283165
0,00170809134
0,00176009863
0,00193271021
0,00187608328
0,00206550065
0,00196857788
0,00187016945
0,00197132338
0,00192836292
0,00245187171
0,00256054022
0,00233563841
0,00226616791
0,00261411082
0,0022410387
0,0023252303
0,0029279259
0,00309977882
0,0034182973
0,00303262074
0,00260310692
0,00221247667
0,0022521409
0,0025827928
0,00345186448
0,0036791794
0,00379961308
0,00347292708
0,00360184451
0,00325565798
0,00349602522
0,00406045792
0,00494657608
0,00466652106
0,00471506388
0,00507754472
0,00664657473
0,00717772187
0,00673151892
0,00675727084
0,00709609924
0,0065232081
0,00679163824
0,00635648315
0,00671672577
0,00700166072
0,00777906998
0,00969899589
0,0104776451
0,0100340203
0,0093377999
0,00961426307
0,0106913609
0,010915303
0,0106418499
0,0109212642
0,0119091621
0,0139899658
0,0143734021
0,0129976111
0,012342528
0,0128327968
0,0141568524
0,0151844901
0,016265519
0,0159157237
0,0160235963
0,0167636368
0,0180265283
0,0191043671
0,0189824289
0,0172106793
0,0170265743
0,017937371
0,0200744938
0,0220215453
0,0220909392
0,0200480816
0,0195651439
0,0213937843
0,0229606738
0,0230670228
0,0219732655
0,0209808233
0,0221611971
0,0222638234
0,0211823388
0,0217083137
0,0211418948
0,0206570884
0,0216994558
0,0211048683
0,0191841726
0,0175621605
0,0166973112
0,0179159444
0,0194757934
0,0196184758
0,0187100588
0,0183364535
0,0166998215
0,0144904526
0,0143458898
0,0160151026
0,0170137627
0,0160863021
0,0148834649
0,0162367191
0,0154062238
0,0155748365
0,0157668684
0,0137360121
0,012259579
0,0123118553
0,0123112444
0,0132618526
0,013083777
0,0107742692
0,00899928322
0,00863590122
0,00819371702
0,00947336916
0,00916374937
0,00857545025
0,00797557716
0,00733533204
0,00714204154
0,00739127034
0,00595335555
0,0055317026
0,00589667455
0,00784189662
0,0080590824
0,00560983263
0,00412327189
0,00461165934
0,00545328424
0,00518226039
0,00401187583
0,00480215728
0,00488340153
0,00414132457
0,00329717253
0,00390796979
0,00446433652
0,00439418367
0,00377756822
0,00328869368
0,00360206474
0,00333822048
0,00284457681
0,00334398156
0,00385672292
0,0035555882
0,00225817975
0,00262752543
0,00346092782
0,00318454276
0,00251036668
0,00270169125
0,00247643206
0,00241746118
0,00298784318
0,00270939818
0,00201054093
0,00206249233
0,00265870271
0,00240334864
0,00177865873
0,00212104616
0,00203676309
0,00188938252
0,00233170694
0,00187131345
0,00158574205
0,00205423419
0,00215318063
0,00154182787
0,00154604421
0,00206444936
0,00151303215
0,00156532542
0,00186025422
0,00126457734
0,00166066833
0,00190669093
0,00134480148
0,00144513015
0,00165401023
0,00148311242
0,00128541695
0,00141126751
0,00136279825
0,00128686637
0,00150138659
0,00103476168
0,0013775866
0,00151013983
0,000971606478
0,00128776213
0,00117804509
0,0011075836
0,00128631756
0,000947808433
0,00119470027
0,00121095074
0,000882478621
0,00119305667
0,00132734432
0,001009278
0,00109932452
0,00109556491
0,0012446172
0,00104601225
0,000996598212
0,00115335681
0,00102863103
0,00115029264
0,00108926676
0,00131075849
0,00080976783
0,00112509771
0,00110510066
0,000982695718
0,00114705353
0,00104189032
0,00117561892
0,000924738016
0,00101669031
0,00118680256
0,000859279534
0,000981927657
0,00107712345
0,0009355121
0,00105737448
0,00107221748
0,00101275562
0,00100859972
0,00104381161
0,00117926565
0,000987655083
0,00111293834
0,00108222707
0,000941918591
0,00107405989
0,00101086375
0,00114202352
0,00101948347
0,00132598535
0,00116401409
0,000929530096
0,00133010634
0,00109423402
0,00106438396
0,00127455653
0,00106150415
0,0014028807
0,00101832658
0,00141696893
0,0011912708
0,00112816115
0,00151982593
0,00128932728
0,00126970864
0,00135525233
0,00142078455
0,00144542595
0,00131719016
0,00160768687
0,00158393407
0,00133767763
0,00143836109
0,0018827472
0,00132615339
0,00144327083
0,00176966246
0,00147142641
0,00175733706
0,00153322433
0,00152486287
0,00200186412
0,00167373241
0,00137201062
0,00205222643
0,00180981379
0,00135632236
0,0019663438
0,00190752833
0,00154941806
0,00201679514
0,0020226529
0,00170175026
0,00232969213
0,00221466848
0,00170924946
0,0022326804
0,0025893176
0,00191430592
0,00192403511
0,00289115248
0,00232747504
0,00198892181
0,00270932728
0,00260167637
0,00233240001
0,00243230185
0,00264383937
0,00277527507
0,00261943155
0,00252448182
0,00254196759
0,0029535862
0,00301618477
0,00307304676
0,00308257345
0,00265416096
0,00306081065
0,0038927025
0,00389989513
0,00303314933
0,00331633634
0,00336140352
0,00396361695
0,0040773222
0,00392014241
0,00352365074
0,0036265126
0,00454976168
0,00457975366
0,00444257325
0,00426613565
0,00450207616
0,00531376115
0,00517789359
0,0052106214
0,00501544029
0,00585530443
0,00628359895
0,00699959946
0,00697367136
0,00650111484
0,0066065286
0,00672199813
0,00766108801
0,00796232039
0,00729247026
0,00736880764
0,00774257244
0,00840815015
0,00891332025
0,0080802863
0,00802628722
0,00957124949
0,0109485636
0,0100386845
0,00919168316
0,00805512556
0,00936346294
0,0110350215
0,0116490012
0,0116123394
0,012323856
0,0110950634
0,011413485
0,0127255079
0,0138210728
0,0138033437
0,0132723412
0,0127071951
0,0133252941
0,0143701273
0,0137982889
0,0137077141
0,0145233146
0,0153111324
0,0162198583
0,0154692375
0,0158875611
0,0186849999
0,0198429633
0,0192226387
0,0178108939
0,0177989582
0,0181436523
0,0194881379
0,0192083058
0,0171085118
0,0157612202
0,0158975186
0,0142551098
0,0152834142
0,0175001189
0,0179599962
0,0164831549
0,0150825473
0,014019914
0,0133466391
0,0130879434
0,0134350876
0,0138330266
0,0140963325
0,0141921591
0,0142143897
0,0132594151
0,0126522133
0,0133414657
0,0140350841
0,0145033776
0,0119514945
0,0106799234
0,0104595596
0,01185715
0,0133137828
0,0131961386
0,0112567227
0,00977686179
0,00942833738
0,0100252029
0,0123967097
0,0114025405
0,0102345141
0,00899666692
0,00895337373
0,0109849429
0,0115183993
0,0107466333
0,00962475796
0,0087732414
0,00763814401
0,00815928015
0,00805008242
0,00789220849
0,007622559
0,00723763815
0,00693121254
0,00656810801
0,00588463628
0,00530563021
0,00598191416
0,00601383565
0,0065718639
0,00724280131
0,00688454488
0,00622098148
0,00555032635
0,00502532543
0,0055083334
0,00575648599
0,00537533939
0,00457989372
0,00505667223
0,00545901057
0,00509674296
0,00440408323
0,00500293443
0,00525259775
0,00405529413
0,00301888631
0,00332688198
0,00427386649
0,00443366932
0,00445215626
0,00385400159
0,00353983483
0,00368110804
0,00357100771
0,00292724658
0,00288877542
0,00334359585
0,00365814432
0,00311946159
0,00279161216
0,0028090573
0,00257790581
0,00223428166
0,00268580899
0,00290926268
0,00219112848
0,00229613473
0,00286150807
0,00239451123
0,00197460196
0,00251872534
0,00288895697
0,00152645297
0,00190606614
0,00296189841
0,00252783283
0,00188746949
0,002213253
0,00254663134
0,00175230806
0,00197968784
0,00243711117
0,00236042486
0,00207783738
0,0017327854
0,00170353297
0,00206632044
0,00202861987
0,0020743635
0,00168076146
0,00174539437
0,00169152227
0,00154218578
0,00160154184
0,00184241465
0,00171519644
0,00173182836
0,00165945458
0,00173335511
0,00151307848
0,00151554787
0,00187881543
0,00197760411
0,00137540898
0,00156584525
0,00144771173
0,00161171214
0,00182303284
0,00146904894
0,0010843127
0,00150510163
0,00161580423
0,00117087531
0,0017617281
0,00165917981
0,000975393943
0,00157659903
0,00159156481
0,00114495075
0,0017556629
0,00153105578
0,00135858389
0,00159792865
0,00126722186
0,00170702228
0,0017880881
0,00121998776
0,00112067136
0,00161097832
0,00148812094
0,00148922795
0,00151103093
0,00129624156
0,00131841704
0,00156466527
0,00146977106
0,00145147392
0,00147245872
0,00124830433
0,00144614908
0,00152652268
0,00132058362
0,00182129089
0,00167891664
0,00108497719
0,00132367813
0,00184787602
0,00164117594
0,00136541794
0,00170788622
0,00133227473
0,00145587927
0,00195095503
0,00177278129
0,00140774094
0,00171491727
0,00170409739
0,00138956397
0,00183143255
0,00188004237
0,00157134468
0,00178982772
0,00204972473
0,00125955622
0,00166904112
0,00256508829
0,00167479082
0,00141519895
0,00201682259
0,00174969979
0,00163949178
0,00229801295
0,00235250529
0,00154501443
0,0018783054
0,002250612
0,00190008773
0,0018665761
0,00210111903
0,00238611633
0,00233275175
0,00200713921
0,00211189098
0,00230072969
0,00256255358
0,00276305315
0,00252606686
0,00255354525
0,00244436369
0,00206717543
0,00272784372
0,00330374983
0,00329737457
0,00276786579
0,0027386284
0,00320185016
0,00296521047
0,00252460253
0,00316795424
0,00347273046
0,0032658032
0,00252749857
0,00362922829
0,00372264993
0,00326188689
0,00287352415
0,00279719816
0,00418733181
0,00474966284
0,00411895416
0,00319974693
0,00366731628
0,00468853738
0,00446097606
0,00354891892
0,00360181977
0,00538313922
0,0056073088
0,00527698561
0,00428820215
0,00396278687
0,00560244707
0,00594826759
0,00581760843
0,00542099679
0,00589067431
0,00690183814
0,00754788056
0,00691750352
0,00576127474
0,00602777786
0,00684055307
0,00712986755
0,00708132147
0,00725533954
0,00643127157
0,00665876679
0,00695104758
0,00656499348
0,00685967452
0,00762481725
0,00808780028
0,00884720065
0,00961818231
0,00933188245
0,00906183518
0,00945058092
0,0104485884
0,0112539956
0,0114579487
0,0106185909
0,00963755811
0,00884845242
0,00876514313
0,0095888331
0,0112467643
0,0115012629
0,0122005165
0,011722524
0,011169435
0,0119617365
0,0127820377
0,0126631271
0,0127071611
0,0122364254
0,0115114007
0,0128008899
0,0151407553
0,0136379516
0,0130894334
0,0135723491
0,013193811
0,0141231838
0,0158034745
0,0164263087
0,0152290332
0,0152988044
0,0154570749
0,0149398271
0,0151590255
0,0155475265
0,0143565646
0,0131652088
0,0135955573
0,0147271517
0,0159289622
0,0168990366
0,0166480621
0,015355175
0,0139731148
0,0127755823
0,0122175986
0,0128620891
0,0142368874
0,0159512661
0,0139257068
0,0122336489
0,0101467795
0,00897882995
0,00959647098
0,0124097513
0,01399859
0,014035757
0,0125682468
0,0111741258
0,0104883196
0,0105441974
0,0113774853
0,0117126605
0,0120720305
0,0098529815
0,00840906793
0,00866751902
0,00865784108
0,00988232733
0,00994372162
0,00936537327
0,00845087843
0,00755216255
0,00686058929
0,00855568838
0,00950876234
0,0104615704
0,0103242386
0,00857233156
0,00786869229
0,00723013711
0,00692571218
0,0080368966
0,00855218882
0,00751792334
0,00652688676
0,006626009
0,00670073514
0,00661644646
0,00635489248
0,00602599915
0,00642146566
0,00631483245
0,00628275723
0,00616817047
0,00572737583
0,00525083089
0,00464264279
0,00525803033
0,00582687644
0,00513154552
0,00389563861
0,00381228889
0,00494537654
0,00559684117
0,00458091877
0,00351014398
0,00411396821
0,00517918025
0,00464636356
0,00385685159
0,00409006943
0,00457568275
0,00405106535
0,00363200766
0,00377040884
0,00375211827
0,00341894498
0,00327016501
0,00329712876
0,00318354766
0,00318391582
0,00320922725
0,00312008974
0,00250386478
0,00308871981
0,0030702648
0,00293095292
0,00238029826
0,00253770097
0,00325721279
0,00302986231
0,00212082638
0,00244502935
0,00326883722
0,00291764938
0,0020553402
0,00228795472
0,00293699818
0,00264863816
0,00231179608
0,00226110976
0,00255376061
0,00254992654
0,0022554205
0,00225375983
0,00242153157
0,00218564258
0,00214256328
0,00224911787
0,00240334548
0,00195180527
0,00200026251
0,0023988185
0,0023847043
0,00210427883
0,00190681969
0,00203142043
0,00257985902
0,0019347996
0,00161268485
0,00198153231
0,0021741815
0,00194901637
0,00170579821
0,00171671595
0,00211951296
0,00218235012
0,00141646424
0,00185631793
0,00238695056
0,00155774366
0,00158769729
0,00231575871
0,00174014734
0,00163828746
0,00188932768
0,00216878817
0,00179853919
0,00172725364
0,00210773704
0,00201530423
0,00163788783
0,00185606998
0,00178753168
0,00188890477
0,00181522717
0,00164816464
0,00174954647
0,00202438836
0,00170025083
0,00152100433
0,00186553603
0,00203185891
0,00155936138
0,0015903909
0,0019643824
0,00201138279
0,00167469585
0,0019779834
0,00205731304
0,00208432199
0,00183316254
0,00221690836
0,00196103165
0,00177182181
0,00191417891
0,00212367815
0,00163954825
0,00181213909
0,0020622903
0,00197367351
0,00170819667
0,00180731382
0,00207002489
0,00210357384
0,00158225634
0,00209098705
0,00238318436
0,00196543237
0,00192067585
0,00244243083
0,00227195626
0,00196973239
0,00242106974
0,0020171785
0,00203248086
0,00226288117
0,0022480629
0,00194956074
0,00220735691
0,00255179833
0,00207384225
0,00204225027
0,00295294739
0,00247138849
0,00201403506
0,00245140808
0,00292770353
0,00259391403
0,00235149218
0,00280520644
0,00280855818
0,00293545687
0,00257844248
0,00288207334
0,00280996232
0,00291265933
0,00268998743
0,00317436053
0,00324931467
0,0030773186
0,00323360469
0,00351166989
0,00310932522
0,00350603126
0,00379302788
0,00429642448
0,00330327238
0,00318580847
0,00434660395
0,00435706493
0,00362374939
0,00344734834
0,00381490886
0,00471377699
0,00437054801
0,00391405333
0,00402261842
0,00473614608
0,00565589757
0,00474087453
0,00401878921
0,00403429398
0,00558873321
0,00640067142
0,00523062895
0,00457790544
0,00477158431
0,00597626379
0,00676059654
0,00592171746
0,00494862424
0,00474191092
0,00505699676
0,00619255677
0,00692273306
0,00683953321
0,00638268133
0,0061659447
0,00681997639
0,00769699835
0,00826061239
0,00777781177
0,00745500522
0,00800487136
0,00837169626
0,00823024254
0,00798589463
0,00869307873
0,00930365349
0,0091670783
0,00804470055
0,00763023565
0,0079417012
0,00869764828
0,0102430647
0,0103827463
0,0107220019
0,0103949229
0,0100870112
0,010739288
0,010461264
0,0101912884
0,0106514938
0,0106140851
0,0105091557
0,0108059665
0,0120975406
0,0119914851
0,0109479137
0,01137424
0,0118513249
0,0126518349
0,0131988035
0,0128544374
0,0128262663
0,0126457725
0,0136536565
0,0131669582
0,0126443869
0,0118283308
0,0111268688
0,0115751269
0,0125929688
0,0121003006
0,0120292487
0,0114452712
0,0126288955
0,0129042476
0,01218193
0,0111193091
0,0109792391
0,0133032114
0,0153738215
0,0146117645
0,0132510112
0,0130689296
0,0123219442
0,0114422578
0,0121521499
0,0130588592
0,0125063126
0,0121903706
0,011860096
0,0122006181
0,0117209291
0,00990477411
0,00952105393
0,00984185335
0,0105063453
0,0130062636
0,0130815777
0,0102198943
0,00938484091
0,00901170797
0,0104094636
0,0115630328
0,0114233685
0,0100952446
0,00932341037
0,00927078043
0,00964189258
0,0101302839
0,00992318406
0,00954366014
0,00807116729
0,00826507818
0,00808193389
0,00864608876
0,00910189764
0,00898758422
0,00820729326
0,00726193857
0,00646787216
0,00682252337
0,00733231935
0,00760768486
0,00680477941
0,00678262414
0,00697253354
0,00660419602
0,00632007468
0,0059224171
0,0063167858
0,00631417845
0,00613246431
0,00572660222
0,00515890224
0,00582257617
0,00526953044
0,00490400581
0,00513515393
0,00564897811
0,00589873252
0,00508433635
0,00428957765
0,00429181536
0,00495122212
0,00543956065
0,00535554451
0,00465066842
0,00384557394
0,0038278341
0,00446746425
0,00456774311
0,0045508454
0,00352540962
0,0030660927
0,00360288226
0,00429093871
0,00433168574
0,00393639798
0,00342095576
0,00333313289
0,00405495473
0,00385324804
0,00366784782
0,00311042693
0,00345568741
0,00323304323
0,00356962601
0,00351473679
0,00366374356
0,00319229369
0,00292905288
0,00320952819
0,00362645779
0,00297829586
0,00239750035
0,00262230807
0,00331996256
0,00278183621
0,00235250765
0,0024194891
0,0031420121
0,00270830468
0,00236458329
0,0024617725
0,00298100926
0,00282818176
0,00241279069
0,00255193736
0,00300963712
0,00279807596
0,0024059498
0,00249169979
0,00276951298
0,00268470511
0,00221631906
0,00237837727
0,00259327339
0,00232307244
0,00226384104
0,00271451051
0,00262104478
0,0020483011
0,00235311581
0,0028905704
0,00240618199
0,00179273697
0,00234482897
0,00262466388
0,00204846365
0,00189681478
0,00260745825
0,00212166058
0,00184262008
0,00223674719
0,00243464039
0,00192489553
0,00182787748
0,00243444312
0,00256643198
0,00194720817
0,00173144538
0,00241215493
0,00257932025
0,00176923263
0,001830402
0,00223178252
0,00215025661
0,00200954073
0,00204750438
0,00178057687
0,00203497365
0,0023303596
0,00215126638
0,00167978183
0,00187346791
0,00218738175
0,00240268306
0,00196656372
0,0015327742
0,00238782418
0,00292988519
0,0019321066
0,00154512882
0,0025338653
0,00264506269
0,00206095615
0,00198030456
0,00240857932
0,00238025746
0,00247384353
0,00231586475
0,00213608736
0,00235364781
0,00283176712
0,00238759253
0,00226699763
0,00237542026
0,00262558664
0,00228429612
0,00261647196
0,00240248847
0,00253101512
0,00240738585
0,0028307075
0,00253254951
0,002647132
0,00251050837
0,00288070825
0,00275979085
0,002891876
0,0026483006
0,00281240203
0,00286995234
0,00323234652
0,00284756881
0,00283383324
0,0029013964
0,00326166338
0,00329013556
0,00324479726
0,00291050699
0,0032218923
0,00346278203
0,00375812475
0,00345632222
0,00296586809
0,00314631433
0,00349189678
0,00417888748
0,00345459569
0,00300369836
0,00311959991
0,00350606799
0,00489409944
0,00423625922
0,00354784526
0,00358122433
0,00445219324
0,00521671494
0,004909513
0,00404297269
0,00410546324
0,00486075988
0,00537619129
0,00493335489
0,00443032008
0,00406445843
0,00537864537
0,00559777928
0,00504669182
0,00489384403
0,00486896246
0,00574490429
0,0063498171
0,00593213307
0,00493571428
0,00512815909
0,00600648067
0,00638976828
0,00547723853
0,00536888659
0,00531120014
0,00683242501
0,00671520071
0,00600477712
0,00587310529
0,00629009498
0,00673128165
0,00744072325
0,00766397871
0,00733147767
0,00719756825
0,00809632897
0,00778735359
0,00705859098
0,00640252309
0,00636491131
0,00709893171
0,00825103123
0,00977850611
0,00938457939
0,00915221471
0,00852107148
0,00808275946
0,00812134957
0,00905985062
0,00974758757
0,010461165
0,00972357782
0,00957870865
0,00930424797
0,00929769434
0,00957252626
0,0112333562
0,0114660611
0,0113955318
0,0112826235
0,0106643719
0,00990017168
0,0101924164
0,0117287325
0,0122756766
0,0121339194
0,0117566571
0,0103187508
0,0095542398
0,011052586
0,0117658427
0,0116476276
0,0121022997
0,0110077491
0,0109184488
0,0121967707
0,0132808517
0,0132454447
0,0115819525
0,0100941278
0,00889358753
0,0104218672
0,0131393853
0,0150723929
0,0150550715
0,0140249736
0,0120217163
0,00946908607
0,00871778054
0,0106712678
0,0122279485
0,0129791274
0,0106666997
0,0092899134
0,00842300651
0,00839937853
0,00762895157
0,00880118119
0,0111821839
0,0120114382
0,0105452745
0,00906076655
0,00845001462
0,00885525847
0,0100898223
0,0110439094
0,0114018517
0,0096282774
0,00813155751
0,00776660449
0,00905195316
0,0103592114
0,011044175
0,00969604137
0,0091925341
0,00901172075
0,00840638348
0,00828016211
0,00848334227
0,00658665109
0,00633086075
0,00790461864
0,00984791413
0,00876992442
0,00735010957
0,00601791509
0,00606990514
0,00667117006
0,00740382325
0,00829675609
0,00884476972
0,0073380184
0,00709355044
0,00604282707
0,00608918999
0,00655176443
0,00689903704
0,00702467575
0,0070716723
0,00575805389
0,00567791895
0,00480371658
0,00518281345
0,00522193413
0,00529754376
0,00643622528
0,00527134347
0,00442334532
0,00426843835
0,00512916589
0,00521279853
0,00620554872
0,00511969482
0,00435029954
0,00471407593
0,00518153363
0,00494114629
0,00448777125
0,00423143339
0,0042957312
0,00494143012
0,00454941194
0,00416991711
0,00389011022
0,00442345103
0,00495601473
0,00453542149
0,00385470542
0,00349316517
0,00389642369
0,00429604261
0,00429101159
0,00366659446
0,00357099482
0,00336068288
0,00381991716
0,00372417354
0,00383649424
0,00323174836
0,00317064898
0,00364897744
0,00370289205
0,00363301857
0,00321204517
0,00323373171
0,00364452175
0,00325522016
0,0030836187
0,00276453566
0,00302280701
0,00308702778
0,00320203919
0,00294845707
0,00229223763
0,00315938676
0,00354377747
0,00339636875
0,00198728013
0,00217293621
0,00349944661
0,00354669983
0,00195032413
0,00194397653
0,00317581981
0,00315619604
0,00225270079
0,00207969068
0,00286592376
0,00259735555
0,00217953261
0,00245983255
0,00275117021
0,00262181442
0,00250242661
0,00243565528
0,00282778517
0,00274322265
0,00285828744
0,00257075788
0,00261727611
0,0027357358
0,00286791811
0,00295145088
0,00247697716
0,00247113577
0,00247616726
0,00284347006
0,00275290751
0,00239464778
0,0022390501
0,00253447089
0,00288946654
0,00256242081
0,00217052712
0,0021691966
0,00215128436
0,00264878178
0,00248962845
0,00212474622
0,00203395643
0,00297266154
0,0027779725
0,0023937455
0,00207993224
0,00257563873
0,0030243955
0,00263148773
0,00251181204
0,00231289835
0,00314649513
0,00300002046
0,00276798773
0,00243358458
0,0030720097
0,00317955485
0,00251521389
0,0022812097
0,00285803478
0,00288527646
0,00276155501
0,00232605449
0,00278315178
0,00283222179
0,00275678199
0,00288492914
0,00262784005
0,00250479391
0,00290338751
0,00313833321
0,00307729409
0,0027900737
0,00312155959
0,00292285411
0,00350551752
0,00342645946
0,00323041776
0,00277286696
0,00315319126
0,00374266605
0,00371335322
0,00331183122
0,00255079336
0,00308200458
0,00334744549
0,00385737552
0,00345423057
0,00300350429
0,00293373783
0,00337995273
0,00452455223
0,00433891751
0,0037465091
0,00332246743
0,00345026349
0,00442103382
0,00500609804
0,00459213791
0,00357791617
0,00327871671
0,00428124032
0,00484013288
0,00463588427
0,00384073533
0,00361473451
0,00354547416
0,00423796273
0,00478945355
0,00480599709
0,00411739706
0,00398336038
0,00384654405
0,00491925253
0,0052253006
0,00527690991
0,00429443796
0,00361389857
0,00412979811
0,00594277025
0,00736577414
0,00643199045
0,00450005247
0,00387943873
0,00525687576
0,00810195826
0,00845073194
0,00582541868
0,00428904716
0,00458843013
0,00624269089
0,00833100449
0,00791469452
0,00609095074
0,0050633261
0,00613144085
0,00712510086
0,0080984316
0,00697693657
0,00623240271
0,00599914201
0,00696505809
0,00793718181
0,00811831438
0,00709638042
0,00627206418
0,00787350697
0,00742080525
0,00735064482
0,00694500002
0,0071122084
0,00771630608
0,00852411049
0,00862854369
0,00773647118
0,00714180658
0,00724970468
0,00821977968
0,00969488354
0,0105860016
0,00895625189
0,00732592303
0,00814487466
0,00947285144
0,0101621194
0,0102543883
0,00908381215
0,00931352737
0,00992563577
0,00955279469
0,0104300224
0,0109833415
0,00987506043
0,0086471562
0,00883534962
0,0100877225
0,0110439349
0,0114963429
0,0111089284
0,0101633783
0,00945728769
0,0096094651
0,0103521163
0,0109630366
0,010692762
0,0098812444
0,0101029051
0,0106293627
0,0104314786
0,0111926926
0,012151293
0,0104315758
0,00919362963
0,00945095372
0,00962608693
0,0101566346
0,0119696923
0,0119918072
0,0108109585
0,0106218723
0,010478891
0,0100179364
0,00964374871
0,00962156162
0,0108449103
0,0109723255
0,0112250142
0,0106867363
0,00969587166
0,0096865046
0,00902592352
0,00999857555
0,0106875898
0,0100758132
0,00854732565
0,00734732812
0,00763903223
0,0091654198
0,0100000485
0,0103054812
0,00919652253
0,00848521178
0,00797017729
0,00831495378
0,00782365597
0,00782627306
0,00824982067
0,00863827826
0,00839297539
0,00793163374
0,00770176279
0,00783731035
0,00852733595
0,00747162071
0,00689418384
0,00744665189
0,00821421444
0,00794053646
0,00759401076
0,00684152603
0,0057813202
0,00636957582
0,00770641758
0,00741466641
0,00661867548
0,00686976733
0,0056522006
0,0056945171
0,0068731337
0,00717646514
0,00634624489
0,00560167235
0,00589148702
0,00617908485
0,00559949752
0,00538440413
0,00583002928
0,0052665369
0,00548955634
0,00546313117
0,00468083519
0,00485421132
0,00620142993
0,00615711777
0,00550827644
0,00446571487
0,0035891057
0,0042205784
0,00635398115
0,00545906719
0,00428443292
0,00348244389
0,00389777439
0,00542812951
0,00540589688
0,00442981783
0,00373096971
0,00365178623
0,00421761076
0,00420209051
0,00403007449
0,00405125053
0,00363218388
0,00335196525
0,00382021777
0,0039040766
0,00366846602
0,00332807702
0,00321152692
0,00364235523
0,00402576676
0,00394986283
0,00337749193
0,00326742635
0,00363543809
0,00372225872
0,00327230696
0,0034463192
0,00316568429
0,00351077913
0,00269571484
0,00325398358
0,00367887663
0,00339629005
0,00239854229
0,00257266616
0,00349645581
0,00385529562
0,00279873812
0,00247036408
0,00299378817
0,00362255684
0,00298204562
0,00269059463
0,00278421919
0,0033287992
0,00315432301
0,00293424518
0,00269364815
0,00313019372
0,00336918185
0,0032728847
0,00254583844
0,00248062581
0,00328302765
0,00337243427
0,00249940959
0,00216942461
0,00277005229
0,00353459222
0,00292026279
0,00233538171
0,0028231198
0,00314023014
0,00284317929
0,00208313903
0,00258502015
0,00312137409
0,00292558713
0,00186435789
0,00259582434
0,00337051632
0,00319328901
0,00208931362
0,0021083885
0,00308856315
0,00340540467
0,00274972874
0,00211513242
0,00283887162
0,00318173129
0,00358756834
0,00246278758
0,00280809869
0,00262308062
0,00351451547
0,00325778848
0,00292530569
0,00258541492
0,00307668175
0,00327425008
0,00359758629
0,00286035022
0,00277783072
0,00278296442
0,00313669831
0,00333610765
0,00289836301
0,00269601518
0,00304151849
0,00264644809
0,00342631395
0,00337237528
0,00278128273
0,00251518537
0,00291820883
0,00323169479
0,00344775789
0,0025438409
0,00288655609
0,00319200859
0,00335690587
0,00320649957
0,00291488209
0,00369206725
0,00342766696
0,00309198281
0,00312429427
0,00414354211
0,0041334853
0,00363246921
0,00318461335
0,00342426692
0,00458929932
0,0041155769
0,00364138175
0,00340709882
0,0035337818
0,00365784779
0,0043980424
0,00400270703
0,00395943819
0,00363827611
0,0034099697
0,0036404887
0,00456377789
0,0045930222
0,00367732012
0,00381179169
0,00396889347
0,00489089537
0,00492143432
0,00428311014
0,00386698649
0,00480608132
0,00488213283
0,00465499635
0,00454884218
0,00367242864
0,00442341694
0,00629773699
0,0056829292
0,00441182925
0,00396519835
0,0043739879
0,00607738253
0,00650206544
0,00609272772
0,00442947338
0,00460531752
0,00655823641
0,00738246358
0,00578262301
0,00488840795
0,0048237328
0,00554945965
0,00695898438
0,00738601212
0,00574773491
0,00493308054
0,00498194988
0,00661791892
0,00702896611
0,00679976623
0,00670348722
0,00650294287
0,00619873931
0,00691068627
0,0070090104
0,00657147844
0,00741287877
0,00801636795
0,00835286179
0,00869413596
0,00746830022
0,00645216875
0,00760209428
0,00851882458
0,00958108514
0,00960131298
0,00772507835
0,00674019281
0,00653023343
0,0084892126
0,00951095622
0,00941062817
0,00834127423
0,00722093352
0,00738112345
0,00826416784
0,00941029314
0,0103054902
0,0095328407
0,00787330763
0,00700825496
0,00761602273
0,00809905717
0,00932884737
0,0103836203
0,0100789989
0,00994293568
0,00842922417
0,00758974728
0,00794813414
0,00960442328
0,00977923282
0,0107641422
0,010970023
0,00943129587
0,00849132428
0,00939963903
0,0101973753
0,0105871762
0,0107654022
0,0103358807
0,0102817077
0,0104646407
0,0104186913
0,0106236273
0,00943935191
0,0082669587
0,00865718244
0,00955321569
0,0105593364
0,0110550094
0,00983674678
0,00881549868
0,00756008028
0,0079021243
0,00867146249
0,00916129721
0,0114979967
0,0116766983
0,0105658492
0,00898076614
0,00898060805
0,00836467874
0,00796472323
0,00955982961
0,010608286
0,00944986449
0,00901843002
0,00934089079
0,00852270453
0,00829571624
0,0082821765
0,00794337209
0,0079052179
0,00881363826
0,00940309021
0,00846447459
0,00821834954
0,0086680405
0,00806615558
0,00787886048
0,00765049373
0,00811941339
0,0078909997
0,00767963208
0,00711508509
0,00709555491
0,00702398846
0,00700653171
0,00768429909
0,00864864431
0,00699540218
0,0059522795
0,00582156989
0,0071746076
0,00813811737
0,00767441829
0,0069080238
0,00594775112
0,00592204386
0,00564569372
0,00655542185
0,00738977685
0,00695482643
0,00631856936
0,00655280372
0,00492476118
0,00499196323
0,00572541815
0,00690435316
0,00720301176
0,00657141459
0,00475169475
0,00406390908
0,00443901381
0,005118331
0,00648323039
0,0060676847
0,00513171627
0,00432253935
0,00409055499
0,00481206601
0,00534602007
0,00568894899
0,00483559459
0,00444788391
0,00416472545
0,00449382196
0,00447845765
0,00503883721
0,00489697561
0,00462419076
0,00429194214
0,00369122256
0,00401984183
0,00494146976
0,00460686852
0,00385008789
0,00286477393
0,00365877811
0,00448259958
0,00433294514
0,00332813566
0,00264507863
0,00385471576
0,00468868848
0,00441836152
0,00332916679
0,00264823923
0,00397016188
0,00444447546
0,00452527724
0,00350801743
0,00280027018
0,00333822161
0,00418249615
0,0042234826
0,00363369675
0,00263604696
0,00288035001
0,00372903911
0,0040884987
0,00336917844
0,00298805995
0,00300456645
0,00366183562
0,00374481912
0,00360355865
0,00320563196
0,00334840351
0,0033197438
0,00331374221
0,00301103354
0,00331465562
0,00382082006
0,00322874298
0,00295218433
0,00280011878
0,00391550616
0,00386454007
0,00304486794
0,00233837606
0,0031444025
0,00396251861
0,00333366664
0,00265134215
0,00264313644
0,00334153673
0,00366522479
0,00326751316
0,00281014925
0,00270959193
0,00311715747
0,00346321869
0,00330598057
0,00268037738
0,00297897159
0,00323341387
0,00339340673
0,00301226779
0,00314498196
0,00296008043
0,00303527483
0,00314330994
0,00329721062
0,00296244496
0,00294878838
0,00316841103
0,0033305651
0,00308977468
0,00278685261
0,00348629694
0,0037033307
0,00368193657
0,00281889874
0,00305203105
0,00349421921
0,00432571454
0,003233535
0,0027481943
0,00301068975
0,00380997341
0,00403303989
0,00287486727
0,00292557302
0,00339120653
0,00399497053
0,00327791132
0,00269306271
0,00331373522
0,00316925415
0,00377022303
0,00279551547
0,00283774595
0,00377186128
0,0035168142
0,00340164701
0,00310816158
0,00325718615
0,00387183777
0,00384619799
0,00331001344
0,00334888122
0,00349605086
0,00425248868
0,00417571308
0,00391033106
0,00339023233
0,00328885935
0,00436467677
0,00483460922
0,00413385575
0,00327451636
0,00288348032
0,00374155179
0,00570722796
0,00467696171
0,00352765589
0,00329076045
0,00357421507
0,00488826235
0,00523184725
0,00451824162
0,00361376451
0,00316405946
0,00375052288
0,00505652072
0,00585731258
0,00508117873
0,00388389135
0,00330928044
0,00466962884
0,00572141951
0,00625077849
0,00584846691
0,00433307255
0,00403099564
0,00487859085
0,00582964375
0,0062978398
0,00662079276
0,00475685303
0,00416707963
0,00453303081
0,00528592414
0,00627618278
0,00640170614
0,00597946702
0,00524378469
0,00491848265
0,00567954229
0,00570846498
0,00662631085
0,0072536307
0,00620971571
0,00588271016
0,00641249405
0,00557275398
0,00679222276
0,00700641941
0,00717826218
0,00688430005
0,00625153385
0,00600787621
0,00692311795
0,00812011373
0,00770057043
0,00717669115
0,00611283765
0,00600264185
0,00673381502
0,0084192189
0,00909544181
0,00854250697
0,00741241546
0,00624669635
0,00732859526
0,00811581065
0,00845226263
0,00980282375
0,00877940697
0,00783137401
0,0077759736
0,0080023251
0,00745548475
0,00792303865
0,00910852608
0,00919182913
0,00895285207
0,00835413709
0,00799046031
0,00793529178
0,0083177479
0,00953042709
0,00963299262
0,00915036568
0,00865666082
0,0088422425
0,00907799303
0,00952172765
0,00929234868
0,00930945951
0,00777029932
0,00723385522
0,00799830415
0,00951331823
0,00948229765
0,0100582021
0,0098694142
0,00753115025
0,00775061937
0,00886588896
0,00890383438
0,00978325309
0,010450326
0,0106419184
0,00882272496
0,00743510066
0,00893783223
0,00950924389
0,0102148011
0,0115845957
0,0106407427
0,00854629253
0,00781141723
0,00854910102
0,00903797604
0,00953698945
0,00975521654
0,0101695906
0,0087081068
0,00805799539
0,00861676834
0,00805417563
0,0076672007
0,0088507647
0,0097090041
0,00963175327
0,00940829341
0,00891567945
0,00754933881
0,00683975388
0,00751303041
0,00807951473
0,00887189356
0,00929338051
0,00804847891
0,00701629178
0,00680165349
0,00698864373
0,00724375916
0,00795759343
0,00836058694
0,00784900353
0,00725119796
0,00730219835
0,00666126865
0,00674353687
0,0076070146
0,0080217856
0,00809589177
0,00796982519
0,00711408075
0,00530619029
0,00565254416
0,00683090633
0,00786763458
0,00805397304
0,00776431223
0,00599311527
0,00566662485
0,00644312517
0,00649833362
0,00726289294
0,00728165005
0,00570265697
0,00577545069
0,00584363539
0,00590112327
0,00584787957
0,00589074151
0,00588311807
0,00607968035
0,00626559955
0,00511051556
0,00443743824
0,0042068756
0,0053907096
0,00656098508
0,0058579123
0,00503822352
0,00397429297
0,0041912957
0,00472131218
0,00582873451
