-0,00280945008
0,0193766822
0,00243760092
-0,00274385056
0,00613780394
-0,00990260128
-0,0148752619
0,0339028733
0,0012683947
-0,00232458833
0,0353792866
-0,0113406985
-0,0360235866
0,00665041321
0,0173843153
-0,0247655412
0,0293638436
0,0170191732
-0,0372765114
0,0165426929
0,00925565803
-0,0135140204
0,0171624441
0,0333659754
-0,013199118
-0,0166041577
0,00390466334
-0,0199722045
0,00731699538
0,0146568218
0,00230821787
0,00779654121
0,00169690668
-0,00618766588
-0,00394628487
0,0149922709
0,00598141671
0,0190130901
-0,00574925051
-0,0236228304
0,0115159237
-0,0173551579
-0,000182721984
0,0218612916
0,00575038951
-0,000129517087
0,0132245367
-0,0067076538
-0,0223462027
0,0381033915
0,00427652585
-0,0204847937
0,0215374509
-0,00334881891
-0,0328055861
0,00945437038
0,0196772977
-0,0216850492
0,0321384653
0,0240892939
-0,0342849736
0,00922211709
0,0134390241
-0,0106205328
-0,000894743943
0,0194971764
-0,00520693061
-0,0133591625
0,00672843124
-0,017711884
0,0104411078
0,0174207425
0,00930861734
0,0108892521
-0,00561163378
-0,0020095711
-0,00100216312
-0,0030677437
-0,00794103059
0,0270287848
-0,00246991736
-0,0208364306
0,0138475085
-0,0142353854
0,00253244624
0,0288830804
0,00882067785
-0,00744175682
0,0174508669
-0,00373487439
-0,0404649631
0,0242049946
0,0122851922
-0,0172801189
0,0243868941
-0,00100343214
-0,0297087625
0,0121899246
0,0266947159
-0,0186721749
0,0248302443
0,0283606859
-0,0313496935
-0,00885585514
-0,000457426857
-0,00266126382
0,00231380225
0,022329959
-0,00286530066
-0,0102413703
0,00949697906
-0,0107380321
0,0134575387
0,010109543
0,013528713
0,01387515
-0,023686429
-0,0159117514
0,00696944871
0,000128808625
-0,00515492281
0,0293720411
0,00068191383
-0,018100509
0,0208733409
-0,0112241857
-0,00482832128
0,0331255681
0,011789825
-0,0255316972
0,0035826066
0,0042707811
-0,0373235114
0,027001496
0,0146274886
-0,0141916047
0,0271806861
0,00603650454
-0,0267121893
0,00484403557
0,0309394923
-0,0157484545
0,00673383775
0,014537567
-0,0233738927
-0,00567463681
0,00233799726
-0,00036422738
0,00540931161
0,0251121552
0,00417606286
-0,00722462955
0,00218537844
-0,00652777218
0,0163844847
-0,0079932387
-0,000339392862
0,0219025361
-0,0204999735
-0,0131239866
0,00927931892
0,00321391186
-0,00241238626
0,0364178888
0,0037336537
-0,0254419082
0,0251405419
-0,00830067101
-0,022988263
0,0192823778
0,0198042012
-0,0223563741
0,00639731511
0,00661460837
-0,0342877884
0,0297548889
0,0216776474
-0,0111991481
0,0198937809
0,0103237428
-0,0237985985
-0,0133106581
0,0170991794
-0,00777250319
0,00989982185
0,017391947
-0,0210566632
-0,00259974639
0,00509374797
0,00664516066
0,00840955205
0,0178134208
0,00847012052
-0,00429213203
-0,0159414748
-0,0203991523
0,024364719
-0,00483141543
0,00246248859
0,0242700643
-0,0174176907
-0,0103734697
0,0163047743
0,00620495815
-0,00974929822
0,040719546
0,00670214518
-0,0436070676
0,0113247662
-0,000318937423
-0,0198816287
0,0220995758
0,022159161
-0,019282984
0,00917409317
0,0136778062
-0,0313415528
0,0224242806
0,025990879
-0,00828645185
0,00177191643
-0,00347168393
-0,0158216486
-0,0102020022
0,0199114529
-0,00545236145
0,0129627463
0,0202103128
-0,014015823
0,000384595773
-0,00223360012
0,0109228976
0,0113292016
-0,000327000981
-0,00531708509
0,00370444266
-0,0128036464
-0,0176244333
0,0266879272
-0,00176948929
0,00523017663
0,0313617415
-0,0144233903
-0,0177066465
0,0206020156
0,00911714702
-0,0279351201
0,0269395133
0,0147378979
-0,0405057506
0,0141442914
0,00200864893
-0,0168723112
0,0248811333
0,0292420947
-0,0162958168
0,00186278159
0,0180200822
-0,0284693915
0,004233852
0,0122255
-0,000301646112
0,00491034706
-0,000637894126
-0,0134966201
-0,00719075222
0,0226912805
0,00160047206
0,0159377832
0,0129393786
-0,00969001604
0,00329316831
-0,0204245585
-0,00287709305
0,0193213169
0,00279365126
-0,00248355085
0,00604901375
-0,00976025363
-0,0148789707
0,0337450296
0,00120798009
-0,00209232674
0,0357395418
-0,0115023738
-0,035910934
0,00682133436
0,0171066169
-0,024858875
0,0297675094
0,017122583
-0,0374953272
0,0169325456
0,00907607623
-0,0139450317
0,0175676143
0,0336184966
-0,0133794076
-0,0163290058
0,00428612922
-0,0205139412
0,00729984227
0,0150607773
0,00203433806
0,0079543177
0,00216906932
-0,00642804792
-0,00426162657
0,0153761942
0,00595244603
0,0188398482
-0,00521704332
-0,0234396526
0,011284721
-0,0173568914
-8,54954305e-05
0,0216640222
0,00582346806
0,000323653769
0,0131387828
-0,00679563506
-0,0222282756
0,0381035263
0,00411533907
-0,0203083647
0,0220387703
-0,00349239559
-0,0328562861
0,00962169469
0,0194495458
-0,0218705824
0,0325669488
0,0242557378
-0,0345602279
0,00962020429
0,0134533031
-0,0110843087
-0,000648476366
0,0199195423
-0,00537136534
-0,0132668891
0,00712666864
-0,0182010714
0,010275945
0,0178709822
0,00912191942
0,0109193769
-0,00512303308
-0,00204416974
-0,00139982997
-0,00284446677
-0,00776968581
0,0268330035
-0,00212042377
-0,0206218804
0,0136323768
-0,0143738247
0,00268332374
0,028759381
0,00877776526
-0,00697151375
0,0175470821
-0,00389517851
-0,0404889446
0,0243851069
0,0121190072
-0,0172722518
0,0248925289
-0,00112143027
-0,0298836553
0,0123985488
0,0265506456
-0,0189552548
0,0252580845
0,0287130424
-0,0316852979
-0,00861218331
-0,000242805484
-0,00312259041
0,00238110677
0,0227674102
-0,00300178405
-0,0102873231
0,00994769667
-0,0111254947
0,0131774401
0,0105735217
0,0135383609
0,013820533
-0,0233361889
-0,0157337891
0,00656365769
0,000181853313
-0,00495433533
0,0291864704
0,000895096363
-0,017820342
0,0207434568
-0,0114601231
-0,00465688547
0,0331855648
0,0116711328
-0,0251963233
0,00387927901
0,0041124728
-0,0375026271
0,0271926424
0,0144867059
-0,0143147365
0,0277260541
0,00601956747
-0,0269778899
0,00506183478
0,0309903674
-0,0160980001
0,00701025811
0,0150944873
-0,0236975856
-0,00560379039
0,00258225293
-0,000793945634
0,0053302409
0,0255988775
0,00413855205
-0,00737484225
0,00265590185
-0,00670627484
0,0160193677
-0,00766455296
-0,000120525551
0,0218313971
-0,0203060669
-0,012910143
0,00889454729
0,0031319836
-0,00215430196
0,036310899
0,00384495389
-0,0251317531
0,0252007869
-0,00860152964
-0,0229439474
0,0195333885
0,0196795173
-0,0221819798
0,00671611484
0,00649131104
-0,0345889768
0,0299838616
0,0216306524
-0,0114210525
0,0204386126
0,0105156035
-0,0241239237
-0,0132288438
0,0173530157
-0,00812200623
0,00999454028
0,0179731321
-0,021334145
-0,00266921946
0,00539615328
0,00631438616
0,00821401138
0,0183099222
0,00863541701
-0,00451489201
-0,0155907867
-0,0203637717
0,0239799506
-0,00466998239
0,00270855834
0,0242149263
-0,0173441757
-0,0100955538
0,0160065828
0,00602089172
-0,00947644911
0,0407935041
0,00674344013
-0,0434029025
0,0115780516
-0,000617935382
-0,0199999079
0,0223583221
0,0220641592
-0,0192367526
0,00954400152
0,0136571333
-0,0317334305
0,0226479523
0,0261396489
-0,00857624323
0,00218124368
-0,00306708798
-0,0161404531
-0,0102943182
0,0201877771
-0,00576715314
0,0129084125
0,020844391
-0,0141796999
0,000206799147
-0,00191539894
0,0107915768
0,0110469572
4,87301368e-05
-0,00494952614
0,00347532337
-0,01261057
-0,0175555249
0,0263194623
-0,00174207208
0,00553155783
0,0313873957
-0,014435891
-0,0174070686
0,0204894127
0,00886278411
-0,0277770688
0,0271915032
0,0147748526
-0,0404482181
0,0144132115
0,00174930247
-0,0171202409
0,025175104
0,029242449
-0,0163457474
0,00224177656
0,0182020855
-0,0289215488
0,0043263187
0,0125642905
-0,000594922097
0,00514037584
-0,000194811693
-0,0137695392
-0,00742467281
0,0230192576
0,00138379297
0,0157665735
0,0135842054
-0,00964237128
0,00303921651
-0,0202138094
-0,00281728896
0,0190154469
0,00300416829
-0,00208793524
0,00585366372
-0,0096894323
-0,0147486718
0,0334562957
0,00113357008
-0,00177860824
0,0359422114
-0,011568189
-0,0357095673
0,00688260469
0,0168460927
-0,0248641853
0,0300261739
0,0171964768
-0,0375509321
0,0172481868
0,00891863237
-0,0142903804
0,0178535714
0,0338090313
-0,013494099
-0,0160593106
0,00465962979
-0,0209648335
0,00721234786
0,0154206075
0,00177877644
0,00803907661
0,00268040424
-0,00659077891
-0,0046063376
0,015714578
0,00592514464
0,0185832214
-0,00467766671
-0,0231969762
0,0110196475
-0,0173051761
5,20042245e-07
0,0213756733
0,00590265324
0,000777328672
0,0130377592
-0,00681128318
-0,0220808232
0,037986174
0,0039700252
-0,0200984569
0,0224013648
-0,00355071533
-0,0328022028
0,00969279223
0,0192271433
-0,0220077342
0,0328621569
0,0244292653
-0,0346997273
0,0099467023
0,0134831085
-0,011494812
-0,000486260056
0,0202793391
-0,00548785279
-0,0131638027
0,00754021443
-0,0186123733
0,0100440351
0,0182800743
0,00896347341
0,0108932588
-0,00458860712
-0,00200265293
-0,00183069706
-0,00260617377
-0,00763513421
0,0265507987
-0,0017383611
-0,0203461156
0,0134111872
-0,014457014
0,00282888196
0,0285447558
0,00875616628
-0,00649602037
0,017612978
-0,00395091336
-0,0404511689
0,0244181142
0,0119589734
-0,0172261094
0,0252701907
-0,00114568204
-0,0299229633
0,0124883692
0,0264329114
-0,0192002825
0,0255476094
0,0290767567
-0,0319077336
-0,00835293622
-9,00736623e-05
-0,00352757026
0,00234948745
0,023143727
-0,00306465723
-0,010368389
0,0104881019
-0,0114974549
0,00703883105
0,00714123334
0,00716182581
0,0164867221
-0,0308743181
-0,00821167798
0,014713835
-0,0107766073
0,00498192991
0,0432555979
-0,00334420963
-0,0102693809
-0,0137835686
0,00931357264
-0,0216237053
0,0153203794
-0,0275449202
-0,00923545992
0,0219768924
-0,0231105553
-0,0092696637
0,0094271189
0,0662110308
-0,0559477607
0,00893013661
0,0527341454
-0,00635824267
0,0438630696
0,0868899292
0,0624913303
0,00733183597
-0,0197388105
0,0266211914
-0,00728956675
-0,0661467299
0,00377671541
0,0347827074
-0,00842228057
-0,0883958754
0,0599962352
-0,0866497764
-0,0137850594
-0,0660812133
-0,0583139203
0,0126843252
-0,0782252697
0,0133804615
0,00890777845
0,0643621869
0,0135894339
-0,0829531252
0,0230134049
0,0564781802
-0,0328976683
-0,0381708451
0,0170494501
0,0728981916
0,0842354006
-0,100890903
-0,0784028611
-0,0436320982
-0,0598989746
-0,0253349419
0,0111693056
0,0311951333
0,0406150232
-0,02372496
-0,0362764706
-0,0249074379
0,0344792764
0,0182297312
0,00211381347
0,023419567
-0,0299949451
0,0180939087
0,00132327353
-0,0403690774
0,00544677198
0,0529714762
0,0474711173
0,0208090433
0,00975366933
-0,0253376809
-0,0064031396
-0,0178324362
-0,0139901287
0,00769875959
0,0128299768
0,0737907972
-0,0221949061
0,00804889466
-0,0395891846
0,00113293856
0,00353463531
-0,0114161463
0,0437362851
0,023237696
0,0169776953
-0,000746106801
-0,00761806571
-0,0284985086
-0,00102211641
0,0588453492
-0,0405742253
-0,015761064
-0,0315802617
-0,0482599575
0,039333819
0,0045839562
0,0987097994
-0,051276686
-0,0241347241
-0,0410253396
-0,0219320209
0,0301550546
-0,0167374707
0,0412628863
-0,0517630314
-0,022672513
-0,0510384073
-0,0285555624
0,0345743337
-0,0178161353
0,0713202392
-0,0386666318
-0,029852782
-0,0123696607
-0,0226356756
0,0386332834
-0,0506281327
0,028627616
0,00221133397
0,00846272231
0,0121193469
-0,0311454428
-0,0307278308
-0,034100883
0,0107666566
0,00259662466
0,0464419875
-0,00530731834
-0,0248957002
-0,054076759
-0,00033103614
0,0215863096
0,0130982561
-0,0259171993
-0,0219103416
-0,0327115651
-0,0155972654
0,00361351284
-0,00195194017
0,0130971371
-0,0411438431
-0,0458109393
-0,0454931656
-0,0141122171
0,0167425515
-0,0287161876
-0,0376694612
-0,0303290818
-0,0194852336
-0,0141729854
-0,00845114242
-0,0337489414
0,0168087929
-0,0165661153
-0,0241367205
-0,0394868279
0,00118506973
-0,0322656465
-0,0253125396
-0,0438974333
-0,0237033772
-0,0204713945
-0,0249968572
-0,0321515118
-0,0373023017
0,00335012355
-0,000212646863
-0,0154759399
-0,049716537
-0,0320434467
-0,0394789659
-0,0538298556
-0,0155553966
-0,0104075148
-0,000925851521
-0,0139218512
-0,0492692318
-0,0737134323
-0,0053394196
0,0182001119
-0,00868461442
-0,00326496566
-0,0806963137
-0,0630362561
0,00155714963
-0,00467759069
-0,0147052927
-0,0128396034
-0,0663237331
-0,0724090757
0,012812499
-0,0137374264
0,0143012444
-0,021933652
-0,0590255426
-0,0616953699
0,00287646377
-0,0210126568
0,00467028089
-0,00793093549
-0,0683558211
-0,0503683709
-0,00645571016
0,00808336454
-0,00434288795
-0,0196880208
-0,0575805721
-0,0602685686
-0,0325757856
-0,00146468038
0,00969681326
-0,0289385237
-0,0462139453
-0,0708692227
0,0006101941
-0,00934435582
0,0151215342
-0,0144634486
-0,0553473956
-0,0789645357
0,000546682885
0,012075754
0,0191868176
0,00610890729
-0,0613943358
-0,0355143254
-0,0192607544
0,0291944736
0,0461679039
0,00315656346
-0,0465427723
-0,0622774984
0,00239799242
0,0370510737
0,0359769138
-0,024696611
-0,017811227
-0,042027328
0,0119485387
0,0287951143
0,034201869
-0,0110648787
-0,0255090418
-0,0466218494
0,00270947465
0,0685776845
0,0270111721
-0,000298227583
-0,0266820037
-0,0346877392
0,0347338121
0,0415527305
-0,016999479
0,0102703105
-0,0339934589
-0,0629667853
0,0269727419
0,00884985075
0,03318069
0,00337078554
-0,0373480437
-0,0520448072
0,0377210422
0,0117506926
0,00526840684
0,0171996269
-0,0263219387
-0,0383749604
0,0181299918
0,0405368812
0,0168537889
0,0533864866
-0,0291621281
-0,0481547656
0,0117503892
0,0153226331
0,0330427136
-0,0175743745
-0,0389560962
-0,0364367102
0,0194176179
-0,0120192657
0,0399621065
0,0221726522
-0,0463835119
-0,0625138199
0,0179138219
0,0228517443
0,0325193632
0,0150264815
-0,0553961087
-0,0052051827
0,0300831708
0,0322031032
0,0510593139
0,00966598029
-0,0415283778
-0,0319969045
-0,0115433703
0,0227079176
0,0406907156
-0,0182776815
-0,031435425
-0,0644399208
0,0167266933
0,0354415113
0,0205673748
-0,0253538612
-0,0206968975
-0,0400184111
-0,0184619041
0,0720147549
0,0237054736
0,00621224009
-0,00216332501
-0,019536292
0,0315666554
0,0570531528
0,00697546903
-0,0310180949
0,00852868254
-0,0493027018
0,0379615704
-0,0126572816
0,0121668335
-0,0091878538
-0,0179000806
-0,0459294015
0,0267661811
0,0193860847
-0,0302484831
0,009145872
-0,0271922043
-0,0115169699
0,0391508352
0,04848653
-0,0172307952
0,0361155933
0,0130311025
-0,0341278033
0,0298066075
-0,00776420325
0,0126773848
-0,00167922862
-0,0341725217
-0,0165699842
0,00968400597
-0,0250752602
0,0235436404
-0,0143285006
-0,012966955
-0,0217903214
-0,0143103373
-0,010727541
0,00524740049
0,0190545747
-0,0191516055
0,00429483301
0,00715183738
0,0399003713
0,0260069597
0,00012035981
-0,026504793
0,0189435066
0,0077453
-0,0172508639
0,0105697856
-0,0243341928
0,00198457302
-0,0405916659
0,0161205168
0,013922443
-0,0103137626
-0,0495342747
-0,0121840111
0,00208438596
-0,000728067532
0,0198560675
-0,0107167558
-0,00282210103
0,0101173973
0,0334397576
-0,0161871505
0,0310055877
-7,87915589e-05
-0,00719939242
0,0145589704
-0,00964622144
0,00449869857
0,000810178658
-0,0328876249
-0,0102950498
0,0180804965
-0,0219812201
-0,00202214887
-0,0341896333
-0,014912487
0,0207693431
0,00107160712
-0,0217629353
0,00481391828
0,0173442668
-0,0155134818
0,0269527377
0,00711093465
0,0111132667
0,0032952722
-0,00434181351
-0,0056336606
0,027998891
-0,00645600396
-0,0204370209
0,00621512248
-0,0234410886
0,0220078429
-0,0263739013
-0,015571408
-0,0117581351
0,00143249808
-0,0110485485
-0,00551498426
0,0019269613
-0,00726077665
0,01251206
-0,012471977
0,0144654429
0,0214814782
0,015754926
-0,0374137139
0,0175547746
0,0179024197
-0,0106392565
0,0106144776
-0,0130527004
0,00547446259
-0,0025574016
-0,0115266472
-0,00432802338
0,000288789317
-0,0241995567
0,00479702434
-0,0160403559
-0,0184027702
0,0165575507
-0,0023857608
-0,0206210863
0,00141502987
0,0384171013
-0,00960377695
0,00934144593
-0,0142546588
-0,00247288461
0,0213808599
-0,00767513778
-0,00967046821
0,0244908543
-0,00539650678
-0,0236482227
0,0274602968
-0,0175890341
0,0234163894
-0,0274231504
-0,0289861449
0,0062924063
-0,00216750558
-0,0151573839
-0,00884182335
0,00295068643
-0,0107500569
0,033708384
-0,00646553669
-0,00325155534
2,95395837e-05
0,00227049371
-0,0191892448
0,0141203082
0,0137206657
-0,0140146158
0,0118175503
-0,0163904279
0,0266251884
0,0224532529
-0,00894558106
-0,0255920154
-0,0132427409
-0,00627037723
0,00130863284
-0,0200231599
-0,0218268966
0,017485269
-0,00578085451
0,000701312919
0,00732214275
0,0205828766
-0,0309267107
-0,00400726088
0,00382900957
-0,006003892
0,0173386348
-0,0109405734
-0,00856635541
0,021041258
0,0349193139
0,00257474003
0,00979596011
-0,0389732594
0,00978380969
-0,00939713803
-0,0323421631
0,00221129297
-0,00570787398
-0,0141255654
-0,0121007741
0,024157442
-0,00494404281
0,0159987033
-0,0276878472
-0,0167078463
0,0180172887
-0,00115843049
-0,0230886315
0,0107473332
0,0146896217
0,00175317635
0,0533145637
-0,0104275164
0,00886612295
0,000945089062
-0,0224643724
-0,00741953512
-0,01671822
-0,0104751622
-0,00211367872
-0,0188574786
-0,0251883587
0,0385815135
0,00011747632
-0,0168776979
-0,0139873098
0,00700520035
-0,0128195911
-0,00510295522
0,000366691434
-0,0102744769
0,0388097036
0,00564079221
0,0146923053
0,0273634973
0,0158428609
-0,0177440012
-0,000400835152
-0,0215679511
0,0127911764
-0,0170712761
-0,0306794372
0,00276039432
-0,0123814274
0,0142654366
0,00408453306
-0,0123715305
-0,0189706434
0,00118119846
-0,0193950727
-0,0115588851
0,00169850627
0,00821561752
-0,00183366416
0,00219741274
0,0270402586
0,0108495339
0,0219441469
-0,0181856299
-0,00383116228
0,00883601544
-0,0209039749
0,0036944727
-0,0154081587
-0,00123484299
-0,0062537985
0,00202933089
-0,0134991489
0,0233224669
-0,0270086722
-0,0238385969
0,00102996191
-0,0122710835
0,0165289782
0,00270957818
-0,01402331
0,00291547493
0,0515046225
-0,00623073426
0,00325688351
-0,0195536722
0,00892591999
0,00383442004
-0,0122827734
-0,0164250685
0,0143891002
-0,0114744982
-0,0304524135
0,0190550889
0,00462566105
0,00597557103
-0,032666764
-0,0203608229
0,0009475244
0,0210309008
-0,0100390368
-0,0134292437
0,0188037276
0,00249406816
0,0257875411
0,00184071601
-0,00846942252
0,000319224976
0,0071495679
-0,00501095163
-0,0119101804
0,00714111468
-0,0106961747
-0,0139978686
-0,0308521665
0,0370124149
0,00493010616
-0,0223754848
-0,0286206506
0,00457920387
0,00881528609
-0,00511709468
-0,00163335826
-0,00590089227
0,0193162549
0,000858713409
0,00914525759
-0,00915695527
0,0352094508
-0,0259168381
-0,000986565035
0,000253767813
0,00618263763
0,00142258148
-0,033289412
-0,0136156831
0,0124551233
0,011349367
-0,0226842697
0,00665559861
-0,0293112357
0,0132119631
0,00736570921
-0,0220880247
0,00663117929
0,0190330724
-0,00735691051
-0,0150782085
0,0222425622
0,00980260507
0,00970193852
-0,0102523261
-0,0201839061
0,0190718527
0,00533733007
-0,0266392663
-0,0135675304
0,00962898251
-0,0124274983
0,00906181
-0,0196351927
0,00667686283
0,00431876245
-0,013871561
-0,00884254508
0,0108565171
0,00617915034
-0,00689479735
0,00114450931
-0,0270149631
0,0419038072
0,00838097776
0,000652515333
-0,0287096431
0,0224360642
-0,0062346346
-0,0220223392
-0,00202911935
0,00421324841
0,00411378404
-0,0347952552
0,0128859379
0,00573554073
0,0143343995
-0,022019852
-0,00510248552
-0,00153043244
0,0111809082
0,00495476511
-0,0237731338
-0,010061405
0,0170778541
0,0154515629
4,84802753e-05
0,00627610269
-0,0108195547
-0,00212965292
-0,00980078281
-0,0218698839
0,0164612668
-0,010015966
-0,0127866248
-0,0109162903
0,0276662512
0,0123485485
0,000588893639
-0,0259611149
0,00528561904
0,0156159034
-0,0158144158
-0,00496502659
-0,0142524966
0,0128901241
-0,0155988939
0,0314531175
-0,0111043953
0,0227760771
-0,0271826843
-0,0188102659
-0,00566694541
0,0102954665
-0,00853502421
-0,0208991147
-0,00044606193
-0,00612882797
0,0373843256
-0,0105939446
0,00759739962
-0,00886631937
0,010621369
-0,00916929481
-0,0103740168
-0,00967476508
0,0081903976
-0,00748127679
-0,00500652917
0,0172019727
0,0144022884
0,000651090715
-0,0351023575
-0,00931954275
0,0155321817
-0,0115762449
-0,0163369391
-0,0079626218
0,00287344277
0,0053787529
0,0136541907
-0,000843531582
0,0189830155
-0,00563134499
-0,0128081643
-0,00516553392
-0,0127447745
0,0127719855
-0,0149627644
0,00399716928
-0,0148496397
0,0386459623
-0,00775443653
-0,00721795267
-0,0256000955
0,0118629404
-0,0063553787
-0,019362911
-0,00336905434
-0,00464006775
0,0143582785
-0,0183627219
0,0234349179
0,0105648497
0,0222121143
-0,0290781164
-0,00880140193
-0,00750576302
0,00971428289
-0,0103982138
-0,00350543883
-0,00583307439
0,00663136027
0,0164820736
-0,0156503371
0,00227323365
-0,00438613144
-0,0100143468
-0,0141617295
-0,00642485338
-4,37078451e-05
0,00687288499
-0,00938442376
-0,00861175751
0,0348154517
0,0138141511
-0,00122231345
-0,0250865107
-0,0111686354
0,0149497527
-0,0134294402
0,00106992751
-0,0133536212
0,0156185921
-0,0155198926
0,00861086095
-0,00616270517
0,023456286
-0,0262706028
-0,0177904452
-0,00120452867
-0,00311116676
0,0114463901
-0,0168657252
0,00039874756
0,00278486941
0,0380446071
-0,0096312957
0,00279152234
-0,0274319209
0,011279677
-0,00821465761
-0,00197095022
-0,00875049273
0,00811569725
-0,00654576191
-0,0234142218
0,0181045256
0,0150532954
0,0015716359
-0,0340728655
-0,0048537318
0,00213347447
0,00839787414
-0,0123022196
-0,00711042214
0,0117896355
0,0060509611
0,0145989469
-0,00564199484
0,000425566441
-0,00496718565
-0,0118644157
0,00324027587
-0,0118171312
0,0127005473
-0,0140241071
-0,0144275618
-0,01393356
0,039285331
-0,00682625786
-0,00619957991
-0,0211317276
-0,00154200809
0,0136274537
-0,0153343852
-0,00252425976
0,00427250382
0,0150298689
-0,0173995945
0,0186209074
-0,00800145318
0,0228696254
-0,0281247839
-0,00039926727
-0,0065807195
0,00963869687
-0,00945776286
-0,0219158715
-0,00491982674
0,00727842341
0,0173954029
-0,0146212713
0,00673960462
-0,017784597
0,00995789994
-0,0101231603
-0,00557651792
0,00887492833
0,0075397024
-0,00842582845
-0,0134090274
0,0162512855
0,0144777726
-0,000281567202
-0,0166778027
-0,0102442306
0,0148797592
-0,012494871
-0,0173498457
-0,0124376217
0,0162669606
-0,0145918639
0,00961837226
-0,0016918895
0,0100532743
-0,0062878095
-0,0137656043
-0,000358849432
0,00579954454
0,0121175701
-0,0159048235
-0,00440628896
-0,0157760746
0,038696616
-0,00868038956
0,0111947982
-0,0265091068
0,0112025194
-0,00727229612
-0,0203823342
-0,0078374777
0,00876043586
-0,00561858122
-0,0223871655
0,0225642864
0,00165107051
0,0215455398
-0,0300298346
-0,00400753513
0,0110526896
0,00906028548
-0,0113400835
-0,0119104472
-0,00676365321
0,00671005064
0,0155354187
0,0027679444
0,00134765114
-0,00503804004
-0,0109333755
-0,0151742988
-0,0109017674
0,0133509666
-0,0130978775
-0,0134086616
-0,00946232848
0,0258752818
0,0131565172
-0,00217912394
-0,0202823251
0,00736933805
0,0142984685
-0,0143745326
-0,00732958022
-0,0142850865
0,0156911712
-0,0164480246
0,027016605
-0,00707700246
0,0227921203
-0,027184632
-0,0188135662
-0,00566818375
0,0102835334
-0,00852641937
-0,0208915343
-0,000449649771
-0,00612862742
0,0373653347
-0,0105825628
0,00758474159
-0,00886962279
0,0106210746
-0,00915692505
-0,0103791098
-0,00967758956
0,0081941688
-0,00747571349
-0,00499871913
0,0171677364
0,0144039658
0,000648732475
-0,0350886763
-0,00933202079
0,0155302457
-0,0115726811
-0,0163265467
-0,0079651176
0,00286839104
0,00539379705
0,0136311633
-0,000840891265
0,0189622879
-0,00561730413
-0,0128093806
-0,00516028909
-0,0127543645
0,0127779644
-0,014955861
0,00399990572
-0,01485018
0,0386128262
-0,00774132622
-0,0072219927
-0,0255974351
0,0118468216
-0,00634149592
-0,0193600795
-0,00336788224
-0,00464441857
0,0143684535
-0,0183529484
0,0234038178
0,0105603475
0,0222086164
-0,0290647317
-0,00881054116
-0,00750429996
0,0097127696
-0,0103875897
-0,00350357775
-0,00583708841
0,00663096386
0,016461831
-0,0156399092
0,0022586347
-0,00438716421
-0,0100145785
-0,0141485733
-0,00643199445
-4,36849498e-05
0,00688225319
-0,0093775829
-0,00861129475
0,0347780132
0,0138259456
-0,00122581803
-0,0250808693
-0,0111821481
0,0149591619
-0,0134268996
0,00107656877
-0,013359282
0,0156156238
-0,0155087673
0,008588548
-0,00616180633
0,0234380565
-0,0262561081
-0,0177923666
-0,001199965
-0,00311984684
0,0114604539
-0,0168609808
0,000397811693
0,00277880816
0,0380238568
-0,009619621
0,00278015142
-0,0274303352
0,0112740331
-0,00820073795
-0,00197392619
-0,00875022265
0,00811042282
-0,00653591578
-0,0234070895
0,0180736891
0,0150508058
0,00156926341
-0,034060727
-0,00486456387
0,00213676818
0,00840249574
-0,012291582
-0,00711477237
0,0117830077
0,00606018834
0,0145792688
-0,00563816339
0,000409807366
-0,00495821489
-0,0118654566
0,0032491827
-0,0118270175
0,0127014367
-0,0140176041
-0,014420776
-0,0139350203
0,0392515166
-0,00681320736
-0,0062044753
-0,02112771
-0,00155421894
0,0136437893
-0,0153338319
-0,002521566
0,00426221282
0,0150388901
-0,017390336
0,0185941606
-0,0080016409
0,0228614108
-0,0281113593
-0,000406129283
-0,00657793131
0,00962930185
-0,00944448052
-0,0219141551
-0,00492040013
0,00727363727
0,0173779553
-0,014611478
0,00672658227
-0,0177818134
0,00995856656
-0,0101103844
-0,00558487714
0,00887214271
0,00754406088
-0,00841553554
-0,0134077987
0,0162206963
0,0144850103
-0,000284881872
-0,0166702267
-0,0102575249
0,0148828984
-0,0124922615
-0,0173407739
-0,0124436231
0,016263381
-0,0145811815
0,00959823554
-0,00168957514
0,0100389161
-0,00627275934
-0,0137684601
-0,0003542615
0,00578564317
0,0121293042
-0,0159000264
-0,00440297052
-0,0157789379
0,0386738046
-0,00866848248
0,0111854511
-0,0265074867
0,0111897208
-0,00725710826
-0,0203850982
-0,0078350805
0,00875122218
-0,00560594174
-0,0223805435
0,0225372003
0,00165241567
0,0215435888
-0,0300183652
-0,00401915779
0,0110521267
0,0090604564
-0,0113271722
-0,0119136523
-0,00676409255
0,00671456609
0,0155181338
0,00277359964
0,00133217642
-0,00503616271
-0,0109340373
-0,0151643198
-0,0109115549
0,0133500998
-0,0130914083
-0,013399374
-0,00946276792
0,0258473015
0,013169812
-0,00218425696
-0,0202792962
0,0073524684
0,0143114733
-0,0143735102
-0,00732384518
-0,0142923757
0,0156982735
-0,0164387479
0,0269935649
-0,00707701474
0,0227770463
-0,0271709396
-0,0188199948
-0,00566439719
0,0102705484
-0,00851134867
-0,0208895999
-0,000446607269
-0,00612996166
0,0373497239
-0,0105726336
0,00757097887
-0,00887145633
0,0106177421
-0,00914285351
-0,0103860616
-0,00967566319
0,00819426681
-0,00746304768
-0,00499606152
0,0171391916
0,014404459
0,000645779306
-0,0350809827
-0,00934492423
0,0155306483
-0,0115698512
-0,0163155651
-0,00796982671
0,00287053908
0,00540423193
0,0136129214
-0,000839439712
0,0189434596
-0,00560626197
-0,0128114974
-0,005153654
-0,0127654174
0,0127870513
-0,0149507159
0,00400667297
-0,0148530061
0,0385849237
-0,0077290602
-0,00723095718
-0,0255956207
0,011830673
-0,00632539848
-0,0193620916
-0,00336277402
-0,00464994881
0,01438261
-0,0183458304
0,0233774637
0,0105572641
0,022202797
-0,029052636
-0,00882056932
-0,00750144255
0,00970901401
-0,0103730387
-0,00350523393
-0,00583554231
0,00662875082
0,0164462665
-0,0156340974
0,00224358718
-0,0043886729
-0,0100148654
-0,0141372172
-0,00644031555
-3,95528922e-05
0,00688845238
-0,00936599684
-0,0086127062
0,0347469877
0,013835417
-0,00123020924
-0,0250764652
-0,0111962778
0,0149689066
-0,0134252806
0,00108491209
-0,0133662508
0,0156177225
-0,0154992534
0,00856698812
-0,00616153696
0,023419677
-0,0262421122
-0,0177976437
-0,00119426605
-0,00312899373
0,0114762135
-0,016857899
0,000401473316
0,00277302236
0,0380056243
-0,00960898613
0,00276793936
-0,0274297097
0,0112670489
-0,00818561076
-0,0019792498
-0,00874686034
0,00810414109
-0,00652164016
-0,0234044064
0,018046656
0,0150479361
0,0015666886
-0,0340519838
-0,00487588821
0,00214154232
0,00840498852
-0,0122784517
-0,00712018778
0,0117821451
0,00606679939
0,0145627775
-0,00563532826
0,000393470024
-0,00495084478
-0,0118668389
0,00325775926
-0,0118375137
0,0127051587
-0,014012016
-0,0144127856
-0,0139376467
0,0392212794
-0,00680060384
-0,00621214768
-0,0211245124
-0,00156640897
0,0136598587
-0,0153342271
-0,00251633285
0,00425252138
0,0150504196
-0,0173825571
0,0185702238
-0,00800258464
0,0228520153
-0,0280986187
-0,000414495696
-0,00657414732
0,00961947062
-0,00942875738
-0,0219156154
-0,0049174576
0,00726796605
0,017363604
-0,0146044145
0,00671308629
-0,0177793773
0,00995786109
-0,0100970341
-0,00559372855
0,00887295304
0,00754665032
-0,00840230743
-0,0134079097
0,0161927806
0,0144909257
-0,000288568767
-0,0166643497
-0,010270942
0,014886972
-0,0124900761
-0,0173316764
-0,0124502081
0,0162630195
-0,0145713913
0,00957881678
-0,00168793824
0,0100245032
-0,00625929152
-0,0137717606
-0,000348885776
0,00577254216
0,0121421272
-0,015896116
-0,00439710699
-0,0157828404
0,0386528115
-0,00865717676
0,0111748279
-0,0265063004
0,0111768818
-0,00724117099
-0,0203900908
-0,007830697
0,00874160766
-0,00559059994
-0,0223765322
0,0225123639
0,00165344502
0,0215404557
-0,0300076189
-0,00403087535
0,0110533316
0,00905948154
-0,0113127223
-0,011917647
-0,0067621538
0,00671761518
0,0155030119
0,00277784804
0,00131657767
-0,00503463923
-0,0109347847
-0,0151553567
-0,0109215123
0,0133510664
-0,013085414
-0,0133893419
-0,00946410374
0,0258216255
0,0131817695
-0,00218979888
-0,0202766601
0,00733651069
0,0143243455
-0,0143729498
-0,0073167838
-0,0143002082
0,015706953
-0,0164303048
0,0269717121
-0,00707739264
0,0227619038
-0,0271576362
-0,0188279502
-0,00565992697
0,0102575049
-0,00849481148
-0,020889514
-0,000441661123
-0,00613185154
0,0373352432
-0,0105633374
0,00755711164
-0,0088727735
0,0106137156
-0,00912843564
-0,0103934084
-0,00967243652
0,0081934144
-0,00744860406
-0,00499481868
0,0171125632
0,0144046202
0,000642705583
-0,035074942
-0,00935771082
0,0155317069
-0,0115672017
-0,0163045889
-0,00797502054
0,00287456684
0,00541331321
0,0135962323
-0,000838346158
0,0189253457
-0,00559613537
-0,0128137777
-0,0051467332
-0,0127766557
0,0127968268
-0,0149460432
0,00401438087
-0,0148563293
0,0385587595
-0,00771718275
-0,00724116453
-0,0255939734
0,0118147021
-0,00630888381
-0,0193653837
-0,00335666826
-0,00465571479
0,0143976219
-0,0183394342
0,0233527269
0,0105545471
0,022196388
-0,0290409639
-0,0088307155
-0,00749820355
0,0097046879
-0,0103575843
-0,00350783903
-0,00583248725
0,00662608637
0,0164321923
-0,0156296653
0,00222864323
-0,0043902882
-0,0100151301
-0,0141265219
-0,00644882487
-3,43895102e-05
0,00689372781
-0,00935324677
-0,00861456507
0,0347180718
0,0138440764
-0,00123475212
-0,0250724341
-0,0112103401
0,0149785807
-0,0134238752
0,00109354419
-0,0133734096
0,0156211222
-0,0154902247
0,00854588022
-0,00616143772
0,0234014503
-0,0262283684
-0,0178037808
-0,00118833638
-0,00313814764
0,0114922044
-0,0168552289
0,00040631793
0,00276740734
0,0379882806
-0,00959876367
0,00275562743
-0,0274292711
0,0112597688
-0,00817031952
-0,0019851787
-0,0087426704
0,00809767014
-0,00650632865
-0,0234029486
0,0180210375
0,0150449314
0,00156410805
-0,0340442662
-0,00488719207
0,00214663353
0,00840687744
-0,0122647784
-0,00712579318
0,0117828266
0,00607263606
0,0145473999
-0,00563285658
0,000377221652
-0,00494399503
-0,0118682527
0,00326607024
-0,0118479781
0,0127095642
-0,0140066851
-0,0144046104
-0,0139404749
0,0391923668
-0,00678829313
-0,00622051589
-0,0211215424
-0,00157844679
0,0136756314
-0,0153348082
-0,00251049166
0,00424312895
0,0150624531
-0,0173751962
0,018547332
-0,00800371233
0,0228423842
-0,0280861547
-0,000423217781
-0,00657010498
0,00960964021
-0,0094125529
-0,0219179191
-0,0049135666
0,00726213739
0,0173503005
-0,0145982516
0,00669962561
-0,0177770477
0,00995678677
-0,0100836585
-0,00560258388
0,00887469954
0,00754873814
-0,00838841754
-0,0134083651
0,0161659924
0,0144963453
-0,000292282489
-0,0166590373
-0,0102841711
0,0148912161
-0,0124879834
-0,0173227328
-0,0124567966
0,0162635013
-0,0145619024
0,0095598054
-0,00168654262
0,0100102355
-0,00624640157
-0,0137750865
-0,000343375217
0,00575982728
0,0121550531
-0,0158924239
-0,00439065648
-0,0157868902
0,0386325565
-0,00864617762
0,0111639206
-0,0265051704
0,0111641778
-0,00722520884
-0,0203956399
-0,00782580189
0,00873200867
-0,00557469938
-0,0223732775
0,0224884557
0,00165432454
0,0215370219
-0,0299971254
-0,00404246634
0,0110549768
0,00905820964
-0,0112980092
-0,0119217985
-0,00675955263
0,00672024334
0,0154887076
0,00278155965
0,00130117825
-0,00503322113
-0,0109355086
-0,0151468263
-0,0109313297
0,0133524796
-0,0130795696
-0,0133792772
-0,00946562755
0,0257968904
0,0131931659
-0,00219534379
-0,0202741352
0,00732099371
0,0143369947
-0,0143724614
-0,00730948877
-0,0143080134
0,015715925
-0,0164221196
0,026950396
-0,00707785838
0,0227469039
-0,027144543
-0,0188362489
-0,00565529531
0,0102446034
-0,00847807323
-0,0208899398
-0,00043626485
-0,00613384323
0,0373212466
-0,0105543204
0,00754337948
-0,00887391761
0,0106095421
-0,00911407273
-0,0104007743
-0,00966886482
0,00819232228
-0,00743382748
-0,00499400272
0,0170868395
0,0144046307
0,000639659904
-0,0350694314
-0,00937025638
0,0155328969
-0,0115645912
-0,0162938061
-0,00798025157
0,00287903906
0,00542194146
0,0135802261
-0,000837404089
0,0189076314
-0,00558636869
-0,0128160255
-0,00513985529
-0,0127877375
0,0128066316
-0,0149414921
0,00402217773
-0,0148596641
0,0385333813
-0,0077055663
-0,00725162628
-0,0255923204
0,0117989633
-0,00629244765
-0,019369003
-0,00335038366
-0,00466145537
0,0144126657
-0,0183332297
0,023328742
0,0105519121
0,0221898766
-0,029029481
-0,00884078302
-0,00749486451
0,00970025943
-0,0103420577
-0,00351070565
-0,00582901971
0,00662334989
0,0164187353
-0,0156257378
0,0022139487
-0,0043919052
-0,0100153542
-0,0141161903
-0,00645725987
-2,90372498e-05
0,00689870658
-0,00934029742
-0,00861648822
0,0346900837
0,0138523551
-0,00123924585
-0,0250685487
-0,0112241538
0,0149880853
-0,0134224909
0,00110206461
-0,0133804575
0,0156248106
-0,0154813733
0,00852512775
-0,00616138203
0,0233834635
-0,0262148103
-0,0178101079
-0,00118242908
-0,00314718122
0,0115080345
-0,0168526284
0,000411416493
0,00276193206
0,0379713875
-0,00958877652
0,00274341121
-0,0274288122
0,0112524873
-0,00815514961
-0,0019912447
-0,00873828012
0,00809123809
-0,00649090035
-0,0234018424
0,0179961715
0,0150418681
0,00156157479
-0,0340369342
-0,00489834168
0,00215172592
0,00840858941
-0,0122510987
-0,0071313546
0,0117839027
0,00607821243
0,0145325642
-0,00563057534
0,000361240735
-0,0049373615
-0,0118696147
0,00327412826
-0,0118582401
0,0127140655
-0,0162342847
-0,010173053
-0,0150003299
0,0321123485
-0,0067090612
-0,0120112837
-0,019965025
-0,00614211164
0,0158965357
-0,0186853689
0,000730110024
0,00205012298
0,0193043962
-0,018408491
0,0114816511
-0,00793565452
0,0170442334
-0,0269231014
-0,00497977382
-0,00435788857
0,00624385604
-0,00616550209
-0,0240990958
-0,0006711135
0,0062119904
0,0102886051
-0,0145226748
0,000906672544
-0,016622785
0,00539597023
-0,00786528019
-0,00895899216
0,0121133575
0,00536138934
-0,00413957208
-0,0144497231
0,0091011003
0,0145661928
-0,0060848031
-0,0155039002
-0,0148464262
0,0171029923
-0,0158413344
-0,0140785323
-0,014645385
0,0205050145
-0,0155972231
0,00249856526
-0,00161698655
0,00421114084
-0,00508841484
-0,0183324606
0,00187165914
0,00239577892
0,015399848
-0,0180742459
-0,000140036796
-0,0168355373
0,0315678989
-0,00856912129
0,00536716283
-0,0253522364
0,00659479498
-0,00500409885
-0,0237548709
-0,00457857259
0,00653572957
-0,00131884262
-0,023416278
0,0154321292
0,00172107971
0,0157356429
-0,0288398212
-0,00860138124
0,0132686506
0,00569333665
-0,00804759931
-0,0141080809
-0,00251025567
0,00567038297
0,00843448433
0,00284754994
-0,00956300382
0,00100700081
-0,0188218326
-0,0064929386
-0,0158783489
0,0245286165
-0,0151530679
-0,0179228398
-0,00875405188
0,011820233
0,0166228529
-0,0130891499
-0,0141875246
-0,00056279978
0,0230010906
-0,0193134094
0,00387789236
-0,0163950825
0,0111666517
-0,0157053588
0,0129733145
-0,0036475579
0,0118408907
-0,0210527655
-0,0267216307
0,0030153482
0,00528960699
0,00271419776
-0,0229746816
-0,00497523696
-0,0054281864
0,0233396219
-0,00712167275
-0,00335195233
-0,00278878102
0,00271723766
-0,000443790257
-0,0153441085
0,00151770057
0,00609934531
-0,0119701128
-0,00429071075
0,00311917494
0,0178303379
-0,0102566786
-0,0289931165
-0,0172496897
0,024199358
-0,016506129
-0,00510902652
-0,0100656492
-0,00165874819
0,00612200414
-0,000387880718
0,0025928383
0,00800964041
0,000490558826
-0,0206976834
0,00353199215
-0,0177395001
0,0239904388
-0,0170230396
-0,000519104397
-0,0141529604
0,024562407
-0,00427050971
-0,0181614557
-0,0195051176
0,00390823961
0,00238440066
-0,0243237726
0,0078448665
-0,00675220444
0,009866231
-0,0176251293
0,00936891656
0,0139839237
0,0112745053
-0,0229454646
-0,0167216291
0,00117494862
0,0047390707
0,000853487877
-0,00560421096
-0,0103596224
0,00732515993
0,00245852481
-0,0122104271
-0,00868220187
0,00169015264
-0,0178956725
-0,00545530138
-0,0114056648
0,0111672809
0,00479866578
-0,0138732732
-0,00790969213
0,02073895
0,0172683874
-0,0121429868
-0,0189843673
-0,0191106571
0,0236501312
-0,0183707476
0,0122912189
-0,0154677454
0,0110917135
-0,0147721113
-0,00544528058
-0,00273108706
0,0124764041
-0,0201245785
-0,0257057524
0,00749055754
-0,00810244342
0,0226918691
-0,0189412439
-0,00411350842
0,00347276057
0,0240001278
-0,00616294903
-0,00815764318
-0,0213461302
0,00335215624
0,000515999784
-0,00503734954
-0,0154360906
0,000956877872
-0,017685685
-0,0304968768
-0,00532114635
0,00801957518
-0,0157941678
-0,0409831117
-0,0121943282
-0,00471283196
0,00115183336
-0,0190323586
-0,0142896284
0,000561317124
-0,00103863851
-0,00880218052
-0,0126463889
-0,0169911143
-0,0118928406
-0,0191708985
-0,00359286022
-0,0190857
0,00593478521
-0,0211661431
-0,0256307761
-0,0210256668
0,0158337809
-0,0137992585
-0,0235973186
-0,028042532
-0,00889540248
0,0068016477
-0,022573934
-0,00926305335
-0,00291502723
0,00382445088
-0,0244689422
-0,00479030043
-0,0150183127
0,00544754281
-0,0350135937
-0,00774463575
-0,0134113726
0,00236159121
-0,0161682491
-0,0291033593
-0,0161115983
0,000161453623
-0,00598352732
-0,02163548
-0,0106652284
-0,0247074426
0,00262101525
-0,0169354255
-0,0128392576
0,00213141005
0,000355180051
-0,019592932
-0,0205031423
-0,00716440766
0,00745010679
-0,0176604344
-0,0236014646
-0,0175900416
0,00803723677
-0,0197271102
-0,0240920192
-0,0196163148
0,00505623585
-0,0216554034
-0,0137866768
-0,00870303118
-0,00736677217
-0,0132053627
-0,0210898626
-0,00718059916
-0,00146919622
0,00537541861
-0,0230658382
-0,0155831053
-0,0228803634
0,0152782626
-0,0156718268
-0,00622419403
-0,0334218069
0,00384582729
-0,0140741312
-0,0276653862
-0,0145552384
0,00155989951
-0,0167689769
-0,0294980999
-0,000825326732
-0,00537153326
0,00413070905
-0,0369348296
-0,0113479416
0,00422777365
0,00178221065
-0,0180453781
-0,019092278
-0,0179482974
-0,000409555075
-0,00782897624
-0,00426629491
-0,0160606357
-0,011964251
-0,0182490822
-0,0220200336
-0,0181641596
0,00661367114
-0,0202503841
-0,024593555
-0,0165635746
0,00248505172
0,006128893
-0,0195750565
-0,027192504
2,63231786e-05
0,0074558209
-0,0216247525
-0,0140399551
-0,0214747101
0,00449376911
-0,0235310532
0,00362282051
-0,0140910755
0,00536995455
-0,034078444
-0,0261826779
-0,0124809903
0,00300079416
-0,0152155752
-0,028095015
-0,0116155145
-0,0132387197
0,0139783348
-0,0175961779
-0,00982025206
-0,0157769609
0,00325722415
-0,0159698526
-0,017645274
-0,016392259
0,000985647418
-0,0186236986
-0,0121275711
-0,0061946567
0,00737619357
-0,0167379893
-0,0420349927
-0,016668199
0,00869424279
-0,0188127222
-0,0230549513
-0,0151524182
-0,00830422123
-0,00172737003
-0,00972264066
-0,00785796703
0,0015597276
-0,0125563695
-0,0201412986
-0,0119790386
-0,0200275706
0,00604264546
-0,0221263299
-0,00718345348
-0,0219496566
0,0152475796
-0,0147447371
-0,0246631112
-0,0324994106
0,00448912775
-0,0131426354
-0,0266536425
-0,0100681696
-0,0118390279
0,00318616567
-0,0254558106
5,84438069e-05
0,00355139869
0,00477206251
-0,0359753753
-0,0161545423
-0,014326669
0,00241667544
-0,0170781936
-0,0107205204
-0,0169874974
-0,000479471195
-0,00686702785
-0,0227032375
-0,0151384235
-0,0113106675
-0,0173356821
-0,0209992944
-0,0137017601
-0,00675214156
-0,00032831322
-0,020528294
-0,0157148474
0,0114511501
0,00677336399
-0,018627434
-0,0319957111
-0,0185302721
0,00810594151
-0,0206833214
-0,00564971778
-0,0205403772
0,00445664328
-0,0226002562
-0,0147856273
-0,0131718999
0,00601890145
-0,0331531428
-0,0251679109
-0,00801792409
-0,0103983026
0,00473270587
-0,0240497303
-0,0107449944
-0,00430977538
0,0146598594
-0,0166443912
-0,0146289077
-0,0343433186
0,00389694379
-0,0150169729
-0,0092773564
-0,0154343357
0,000920459545
-0,0176708429
-0,0305599774
-0,00523668006
0,00802050043
-0,0158213654
-0,0410138309
-0,0122084545
-0,00469290584
0,00110362663
-0,0189867777
-0,0142997198
0,000653385193
-0,00107956745
-0,00873986549
-0,0126688633
-0,0169985301
-0,0119079173
-0,0192013879
-0,00360781482
-0,0190883973
0,0060075069
-0,0211932758
-0,0256075848
-0,0210265737
0,0159317161
-0,0138269287
-0,0236495974
-0,0280404438
-0,00890963542
0,00678468894
-0,0226070163
-0,00920190533
-0,00290395333
0,0038581759
-0,0245003476
-0,00471849894
-0,0150263651
0,00541560832
-0,0350258953
-0,00778947309
-0,0133866098
0,002360076
-0,0161250065
-0,0291512337
-0,0160426041
0,000166371606
-0,00591584304
-0,0216863836
-0,010680487
-0,0247050343
0,00257761022
-0,0169415535
-0,0128484242
0,00220806066
0,000320041842
-0,0195563908
-0,0205222525
-0,00707683852
0,00741748403
-0,0176893271
-0,023628706
-0,0175904817
0,00806020949
-0,0197516012
-0,0240732973
-0,0196137136
0,00512629491
-0,0216780551
-0,0137414014
-0,00872040339
-0,00737998557
-0,0132312922
-0,0211195948
-0,00716771738
-0,00145833438
0,00540372864
-0,023092861
-0,015540416
-0,0228813925
0,0153411459
-0,0157033161
-0,00626590122
-0,0334072471
0,00384702786
-0,0140776782
-0,0277061977
-0,0144938432
0,00156852026
-0,0167318549
-0,0295384458
-0,000749011241
-0,00538899715
0,00409159772
-0,0369492572
-0,0113550611
0,00425583081
0,00175230592
-0,018015155
-0,0191077493
-0,0178918077
-0,000433043251
-0,00776701336
-0,00431129889
-0,0160594405
-0,0119493085
-0,0182713684
-0,0220418539
-0,0181587862
0,00667679023
-0,0202699152
-0,0245775907
-0,0165727414
0,00256074377
